ym,structures,winners,net_rs,equity_1lot_from_1L
2018-01,2,2,4997,104997
2018-02,2,2,3530,108527
2018-03,1,1,1356,109883
2018-04,2,2,3015,112898
2018-05,2,2,3276,116174
2018-06,2,0,-444,115730
2018-07,2,2,3526,119256
2018-08,2,2,3658,122914
2018-09,2,2,1915,124829
2018-10,2,2,4255,129084
2018-11,2,2,3541,132625
2018-12,2,1,-476,132149
2019-01,2,2,2047,134196
2019-02,6,5,12530,146726
2019-03,7,7,16284,163010
2019-04,5,5,14823,177833
2019-05,3,3,8472,186305
2019-06,6,5,4609,190914
2019-07,10,6,7135,198049
2019-08,8,4,-2723,195326
2019-09,7,5,7157,202483
2019-10,9,7,15335,217818
2019-11,8,7,13453,231271
2019-12,7,7,13281,244552
2020-01,9,8,14779,259331
2020-02,7,7,14508,273839
2020-07,1,1,358,274197
2020-08,8,8,23148,297345
2020-09,9,8,15046,312391
2020-10,8,6,15845,328236
2020-11,6,5,13851,342087
2020-12,10,10,32807,374894
2021-01,6,6,18840,393734
2021-02,5,5,16272,410006
2021-03,7,5,1556,411562
2021-04,7,6,19637,431199
2021-05,7,7,22367,453566
2021-06,9,8,20751,474317
2021-07,7,6,13305,487622
2021-08,7,7,15132,502754
2021-09,10,8,17292,520046
2021-10,7,4,6451,526497
2021-11,7,6,10436,536933
2021-12,10,10,28427,565360
2022-01,7,5,8296,573656
2022-02,6,5,14362,588018
2022-03,2,2,5627,593645
2022-04,7,6,8553,602198
2022-05,5,4,1344,603542
2022-06,10,9,15884,619426
2022-07,8,6,13941,633367
2022-08,8,7,19027,652394
2022-09,7,7,23921,676315
2022-10,6,5,19404,695719
2022-11,9,9,26321,722040
2022-12,9,6,9471,731511
2023-01,7,7,14127,745638
2023-02,8,6,9829,755467
2023-03,9,9,17853,773320
2023-04,8,8,19533,792853
2023-05,9,8,17567,810420
2023-06,8,7,15131,825551
2023-07,8,6,5385,830936
2023-08,10,7,7670,838606
2023-09,8,4,-1552,837054
2023-10,8,6,8778,845832
2023-11,10,9,18436,864268
2023-12,8,6,10538,874806
2024-01,9,7,17792,892598
2024-02,9,5,15353,907951
2024-03,7,6,13016,920967
2024-04,5,3,-378,920589
2024-05,1,1,5181,925770
2024-06,7,6,20861,946631
2024-07,8,7,15384,962015
2024-08,7,7,27452,989467
2024-09,8,6,2312,991779
2024-10,8,7,20744,1012523
2024-11,5,3,985,1013508
2024-12,7,5,11343,1024851
2025-01,10,8,24430,1049281
2025-02,7,7,25285,1074566
2025-03,7,5,10493,1085059
2025-04,7,6,12728,1097787
2025-05,8,7,19514,1117301
2025-06,8,6,12316,1129617
2025-07,10,7,11239,1140856
2025-08,7,6,22999,1163855
2025-09,10,10,24614,1188469
2025-10,7,4,3363,1191832
2025-11,8,8,23062,1214894
2025-12,10,7,13490,1228384
2026-01,8,5,6510,1234894
2026-02,7,6,8979,1243873
2026-03,2,2,4174,1248047
2026-04,6,5,12109,1260156
2026-05,8,7,17690,1277846
2026-06,10,7,11945,1289791
2026-07,8,7,23904,1313695
2026-08,9,7,19957,1333652
2026-09,7,6,14967,1348619
2026-10,2,2,4968,1353587
