entry_ts,exit_ts,kind,strike,entry_prem,exit_prem,pnl_pct,reason,bars,t1_hit,lots,entry_spot,exit_spot,trigger,score
2018-01-02 14:30:00+05:30,2018-01-02 14:40:00+05:30,PE,10400.0,123.31147526093082,119.26657669613724,-3.2802288320972983,SL,2,False,3,10414.3,10423.617271912044,pdl_break,100.0
2018-01-03 10:20:00+05:30,2018-01-03 11:15:00+05:30,PE,10500.0,137.26167132202409,143.43429232211247,4.496973510986213,TRAIL,11,True,2,10491.8,10478.5,pdh_sweep,100.0
2018-01-04 10:10:00+05:30,2018-01-04 10:15:00+05:30,PE,10450.0,128.55861557167373,124.8475212697831,-2.886694357580122,SL,1,False,3,10450.7,10458.984261717746,vwap_reclaim,100.0
2018-01-30 11:35:00+05:30,2018-01-30 12:35:00+05:30,PE,11050.0,190.6873845041091,194.02707186536418,1.7513939739328244,TRAIL,12,True,3,11058.1,11054.197156476694,vwap_reject,100.0
2018-01-31 10:35:00+05:30,2018-01-31 11:45:00+05:30,PE,11050.0,178.31098136518176,184.28829373293092,3.3521841010496045,TRAIL,14,True,2,11037.9,11025.901861475935,vwap_reclaim,100.0
2018-02-01 10:45:00+05:30,2018-02-01 11:00:00+05:30,PE,11050.0,154.53646039746127,149.14075991831396,-3.4915388027328964,SL,3,False,2,11067.8,11079.85359328033,vwap_reject,100.0
2018-02-09 12:15:00+05:30,2018-02-09 12:25:00+05:30,PE,10400.0,128.40318133551318,123.18643966875425,-4.062782255470577,SL,2,False,2,10420.8,10432.308276198057,vwap_reclaim,100.0
2018-02-12 10:45:00+05:30,2018-02-12 10:55:00+05:30,PE,10500.0,143.1032491081587,137.69423397716582,-3.7797989666221388,SL,2,False,2,10506.1,10517.493499506945,vwap_reject,100.0
2018-02-16 13:35:00+05:30,2018-02-16 14:00:00+05:30,PE,10500.0,95.84956923149912,108.88186705990483,13.596615960714086,T2,5,True,2,10484.1,10449.87177795925,pdl_break,100.0
2018-02-19 10:35:00+05:30,2018-02-19 11:55:00+05:30,PE,10400.0,79.56827711493406,85.62439130046641,7.611216938610443,TRAIL,16,True,1,10406.1,10398.018606975784,vwap_reject,100.0
2018-02-20 10:30:00+05:30,2018-02-20 11:15:00+05:30,PE,10400.0,71.96410927016314,81.18196846207866,12.808967255205527,TRAIL,9,True,1,10401.8,10382.4,vwap_reclaim,100.0
2018-03-05 10:05:00+05:30,2018-03-05 12:10:00+05:30,PE,10350.0,137.53070422863402,142.2839296248353,3.4561194337370926,TRAIL,25,True,2,10361.5,10354.671160278747,vwap_reclaim,100.0
2018-03-06 09:55:00+05:30,2018-03-06 10:10:00+05:30,PE,10400.0,145.50540385699333,151.64326615454456,4.2183053926874825,TRAIL,3,True,2,10422.6,10411.2,pdh_sweep,100.0
2018-03-07 13:55:00+05:30,2018-03-07 14:10:00+05:30,PE,10200.0,157.47998475921486,169.0221092003335,7.32926438795789,T2,3,True,2,10195.5,10162.323198951739,vwap_reject,100.0
2018-03-08 13:10:00+05:30,2018-03-08 13:20:00+05:30,PE,10200.0,152.01041705731404,146.501377612356,-3.6241196831141576,SL,2,False,2,10186.8,10198.533638870073,vwap_reclaim,100.0
2018-03-16 10:00:00+05:30,2018-03-16 12:05:00+05:30,PE,10300.0,105.82796329536632,117.3606227623618,10.897554018693324,T2,25,True,2,10308.3,10271.528736707429,vwap_reject,100.0
2018-03-19 12:00:00+05:30,2018-03-19 12:30:00+05:30,PE,10150.0,104.78171926987397,115.35637527005201,10.092081017436016,T2,6,True,2,10157.6,10126.619330450058,vwap_reject,100.0
2018-03-20 13:15:00+05:30,2018-03-20 13:35:00+05:30,PE,10100.0,97.91095985379343,98.89436820125957,1.0043904675580917,TRAIL,4,True,3,10115.4,10125.19913186223,vwap_reclaim,100.0
2018-03-23 11:10:00+05:30,2018-03-23 12:15:00+05:30,PE,10000.0,87.41948821506321,99.7739558119356,14.132395246330876,T2,13,True,2,9987.2,9953.42903234784,vwap_reclaim,100.0
2018-03-23 14:40:00+05:30,2018-03-23 15:00:00+05:30,PE,10000.0,83.56912666250537,77.56582026545038,-7.183641419754672,SL,4,False,2,9985.65,9996.910518293442,vwap_reclaim,100.0
2018-04-26 10:15:00+05:30,2018-04-26 12:10:00+05:30,PE,10650.0,74.57959334313819,80.49506962626128,7.931762588066404,TRAIL,23,True,1,10582.4,10574.967217469723,vwap_reclaim,100.0
2018-05-03 10:05:00+05:30,2018-05-03 11:40:00+05:30,PE,10700.0,145.3622652201566,152.53219154946464,4.93245363124255,TRAIL,19,True,2,10683.5,10669.157251231181,vwap_reject,100.0
2018-05-03 14:35:00+05:30,2018-05-03 14:45:00+05:30,PE,10700.0,143.20378305576378,138.9554367696046,-2.9666438941105766,SL,2,False,3,10684.0,10693.293900624254,pdl_break,100.0
2018-05-16 13:25:00+05:30,2018-05-16 13:35:00+05:30,PE,10750.0,100.17961179462054,95.95074405081414,-4.221285816595155,SL,2,False,3,10773.5,10783.320397509331,pdl_break,100.0
2018-05-18 10:10:00+05:30,2018-05-18 10:30:00+05:30,PE,10650.0,109.4825189796311,104.21544093323519,-4.810884966371509,SL,4,False,2,10640.6,10651.424621468246,vwap_reject,100.0
2018-05-18 11:15:00+05:30,2018-05-18 12:25:00+05:30,PE,10650.0,105.86725442919305,108.70502447853505,2.680498388895103,TRAIL,14,True,3,10646.6,10644.560117308669,vwap_reclaim,100.0
2018-05-22 11:05:00+05:30,2018-05-22 12:20:00+05:30,PE,10550.0,113.05552965732022,116.1123277748402,2.7038023940848976,TRAIL,15,True,2,10525.2,10526.449529118552,vwap_reclaim,100.0
2018-05-22 13:15:00+05:30,2018-05-22 13:20:00+05:30,PE,10550.0,109.3116346306333,104.47571850559507,-4.4239720148536055,SL,1,False,2,10528.6,10538.309351013297,vwap_reclaim,100.0
2018-05-23 10:45:00+05:30,2018-05-23 11:55:00+05:30,PE,10500.0,87.71238559474205,82.35334852211508,-6.109783739536335,SL,14,False,3,10502.8,10512.142743572344,vwap_reject,100.0
2018-05-23 13:45:00+05:30,2018-05-23 14:45:00+05:30,PE,10500.0,96.22257854806139,105.86315513556383,10.019037873410497,T2,12,True,3,10479.1,10452.472117422521,pdl_break,100.0
2018-05-30 14:10:00+05:30,2018-05-30 14:20:00+05:30,PE,10600.0,45.965258676663325,40.24481511183694,-12.445146028799936,SL,2,False,2,10585.7,10595.889451165542,vwap_reclaim,100.0
2018-06-05 12:30:00+05:30,2018-06-05 13:00:00+05:30,PE,10600.0,142.35908919470057,137.20153058315373,-3.622921894711617,SL,6,False,2,10593.0,10603.933942965145,vwap_reclaim,100.0
2018-06-06 10:45:00+05:30,2018-06-06 11:15:00+05:30,PE,10650.0,140.0969501548352,135.43318076063497,-3.3289585455256843,SL,6,False,3,10630.1,10639.655876528841,pdh_sweep,100.0
2018-06-18 11:15:00+05:30,2018-06-18 13:15:00+05:30,PE,10800.0,85.02364227245562,87.18987484397258,2.5478002513410702,TIME,24,False,3,10810.2,10802.1,vwap_reclaim,100.0
2018-07-03 10:30:00+05:30,2018-07-03 10:40:00+05:30,PE,10650.0,130.56632731459558,126.11128418394946,-3.412091939992945,SL,2,False,3,10660.0,10670.193901119184,vwap_reclaim,100.0
2018-07-19 11:55:00+05:30,2018-07-19 12:45:00+05:30,PE,11000.0,98.23762690503463,92.47419780474138,-5.866824435676465,SL,10,False,2,10975.0,10984.592788598591,vwap_reclaim,100.0
2018-07-20 10:20:00+05:30,2018-07-20 10:35:00+05:30,PE,11000.0,80.9298652556945,75.25488628361654,-7.012218485905164,SL,3,False,2,10997.9,11009.467339263492,pdh_sweep,100.0
2018-08-13 11:25:00+05:30,2018-08-13 11:35:00+05:30,PE,11350.0,119.64186664035515,116.04821348796759,-3.0036752629329366,SL,2,False,3,11357.3,11365.295568313082,vwap_reclaim,100.0
2018-08-13 14:35:00+05:30,2018-08-13 15:05:00+05:30,PE,11350.0,111.68583875612876,117.93560118172445,5.5958414201843,SQOFF,6,True,3,11371.1,11354.1,vwap_reclaim,100.0
2018-08-14 10:35:00+05:30,2018-08-14 11:20:00+05:30,PE,11400.0,123.79392596103389,119.61660673680399,-3.3744137216754733,SL,9,False,3,11404.7,11412.981071640561,vwap_reclaim,100.0
2018-08-30 09:55:00+05:30,2018-08-30 10:25:00+05:30,PE,11700.0,54.725373101988225,47.65420733460542,-12.921183295004168,SL,6,False,2,11664.9,11673.968457947232,vwap_reject,100.0
2018-09-10 12:05:00+05:30,2018-09-10 13:05:00+05:30,PE,11450.0,126.07044098075494,127.64578662301346,1.249575737185693,TRAIL,12,True,3,11470.3,11476.872247129784,pdl_break,100.0
2018-09-10 13:55:00+05:30,2018-09-10 14:25:00+05:30,PE,11500.0,140.7940172620565,152.33566373446456,8.197540418870108,T2,6,True,2,11486.0,11453.390579094685,vwap_reject,100.0
2018-09-17 14:25:00+05:30,2018-09-17 14:45:00+05:30,PE,11400.0,106.35537850989385,113.29548347887976,6.525391631548083,TRAIL,4,True,2,11402.0,11386.5,vwap_reclaim,100.0
2018-09-18 12:30:00+05:30,2018-09-18 12:55:00+05:30,PE,11350.0,99.69705644919668,94.45741036473919,-5.255567487218138,SL,5,False,2,11368.4,11379.472135522296,vwap_reclaim,100.0
2018-09-18 13:40:00+05:30,2018-09-18 13:50:00+05:30,PE,11350.0,105.60330674890702,100.50920689781924,-4.823807140054825,SL,2,False,2,11352.6,11363.403698290998,pdl_break,100.0
2018-09-19 11:00:00+05:30,2018-09-19 11:10:00+05:30,PE,11300.0,99.53356283974881,94.26653484248618,-5.291710501454327,SL,2,False,2,11305.0,11316.243463731122,vwap_reclaim,100.0
2018-09-19 14:15:00+05:30,2018-09-19 14:55:00+05:30,PE,11250.0,101.69373142280074,103.21910622189762,1.4999693469354591,TRAIL,8,True,2,11241.7,11252.724864114884,pdl_break,100.0
2018-09-21 11:15:00+05:30,2018-09-21 11:55:00+05:30,PE,11300.0,73.6172419511231,86.10374000602269,16.961377150192302,T2,8,True,2,11322.2,11284.322744809142,vwap_reclaim,100.0
2018-09-28 12:35:00+05:30,2018-09-28 13:00:00+05:30,PE,10950.0,180.4625206995679,172.9530518817155,-4.161234581419859,SL,5,False,1,10968.9,10985.71697722865,vwap_reclaim,100.0
2018-10-01 12:25:00+05:30,2018-10-01 12:35:00+05:30,PE,10850.0,187.48410306295773,179.9885392240085,-3.997973010240874,SL,2,False,1,10842.3,10858.673256026234,pdl_break,100.0
2018-10-01 13:05:00+05:30,2018-10-01 13:15:00+05:30,PE,10850.0,177.15203433595707,169.08722068147745,-4.5524815363876865,SL,2,False,1,10864.3,10882.6325616384,vwap_reclaim,100.0
2018-10-04 14:35:00+05:30,2018-10-04 14:40:00+05:30,PE,10650.0,187.53638242261513,177.9968564158653,-5.086760170755788,SL,1,False,1,10628.9,10649.217119745857,vwap_reject,100.0
2018-10-05 09:55:00+05:30,2018-10-05 12:30:00+05:30,PE,10500.0,178.98757075074172,205.29875979043527,14.700009017014114,T2,31,True,1,10507.5,10430.619947370204,vwap_reject,100.0
2018-10-05 14:30:00+05:30,2018-10-05 14:40:00+05:30,PE,10400.0,169.51840364366853,174.41848810384636,2.89059143718573,TRAIL,2,True,1,10415.7,10428.67829381339,vwap_reject,100.0
2018-10-08 12:30:00+05:30,2018-10-08 12:45:00+05:30,PE,10350.0,191.29432148579326,180.9681269924995,-5.398066400031986,SL,3,False,1,10326.1,10347.459475766716,vwap_reclaim,100.0
2018-10-09 11:45:00+05:30,2018-10-09 12:30:00+05:30,PE,10350.0,187.57697865824775,197.94421242929093,5.52692225090774,TRAIL,9,True,1,10331.1,10315.0,vwap_reclaim,100.0
2018-10-11 13:10:00+05:30,2018-10-11 13:45:00+05:30,PE,10300.0,135.79289644161872,150.49325436820482,10.825572111503057,TRAIL,7,True,1,10316.2,10280.9,pdl_break,100.0
2018-10-11 14:15:00+05:30,2018-10-11 14:20:00+05:30,PE,10200.0,130.42987499879564,120.50463966561438,-7.609633401299288,SL,1,False,1,10222.7,10245.595134505784,vwap_reclaim,100.0
2018-10-19 11:45:00+05:30,2018-10-19 11:55:00+05:30,PE,10300.0,87.79827606877916,79.56098320058845,-9.382066752356044,SL,2,False,1,10323.9,10342.589453521228,vwap_reclaim,100.0
2018-10-19 14:35:00+05:30,2018-10-19 14:45:00+05:30,PE,10300.0,88.24881817511141,101.22442513443866,14.703434252886938,TRAIL,2,True,1,10312.4,10284.4,vwap_reject,100.0
2018-10-22 10:20:00+05:30,2018-10-22 11:50:00+05:30,PE,10300.0,89.70866428636145,77.8265794340823,-13.245192030002839,SL,18,False,1,10322.6,10343.202435758929,vwap_reclaim,100.0
2018-10-24 09:50:00+05:30,2018-10-24 11:15:00+05:30,PE,10200.0,60.339698220859646,71.73566729137747,18.886354102742597,TRAIL,17,True,1,10217.0,10188.716590187962,pdh_sweep,100.0
2018-10-25 09:45:00+05:30,2018-10-25 11:35:00+05:30,PE,10200.0,89.65412216340519,103.83828296178672,15.820980068857548,TRAIL,22,True,1,10130.0,10115.134268499132,vwap_reclaim,100.0
2018-10-26 09:50:00+05:30,2018-10-26 10:00:00+05:30,PE,10050.0,228.3801794291312,219.28143876061222,-3.9840325422558887,SL,2,False,1,10029.8,10049.654503026826,vwap_reject,100.0
2018-10-26 14:10:00+05:30,2018-10-26 14:35:00+05:30,PE,10050.0,218.33399046428258,209.93471877808315,-3.84698308693876,SL,5,False,1,10046.1,10064.431951259903,vwap_reclaim,100.0
2018-10-29 10:15:00+05:30,2018-10-29 10:40:00+05:30,PE,10050.0,211.95348964738696,203.49392026497026,-3.991238547895737,SL,5,False,1,10065.0,10083.93043638266,vwap_reclaim,100.0
2018-11-13 11:00:00+05:30,2018-11-13 11:25:00+05:30,PE,10450.0,165.71499363054772,159.89074708308272,-3.5146165231432436,SL,5,False,2,10467.2,10479.41417962877,vwap_reject,100.0
2018-12-06 12:10:00+05:30,2018-12-06 12:30:00+05:30,PE,10650.0,180.94514182893545,176.51678037476086,-2.447350290488115,SL,4,False,3,10653.8,10663.006628738032,vwap_reject,100.0
2018-12-10 10:55:00+05:30,2018-12-10 11:15:00+05:30,PE,10500.0,169.24470097323956,162.9886926711406,-3.6964278740332035,SL,4,False,2,10507.2,10520.475970872225,vwap_reject,100.0
2018-12-24 09:45:00+05:30,2018-12-24 11:45:00+05:30,PE,10750.0,93.49923352389396,99.62250180244428,6.54900371668341,TIME,24,False,1,10731.6,10713.8,vwap_reject,100.0
2018-12-24 13:55:00+05:30,2018-12-24 14:25:00+05:30,PE,10750.0,86.17588750592222,102.07033597968439,18.444194697350657,T2,6,False,2,10732.2,10701.356452659315,vwap_reclaim,100.0
2018-12-26 10:45:00+05:30,2018-12-26 10:55:00+05:30,PE,10550.0,53.26455531999272,46.58096233296965,-12.547918492646094,SL,2,False,2,10555.3,10569.229392560868,vwap_reject,100.0
2019-01-02 13:15:00+05:30,2019-01-02 13:35:00+05:30,PE,10800.0,171.64387011868985,183.90727568857346,7.144680180774077,T2,4,True,2,10803.2,10766.800304365373,pdl_break,100.0
2019-01-14 09:55:00+05:30,2019-01-14 12:40:00+05:30,PE,10750.0,153.59710490422822,160.92466573214097,4.770637332312799,TRAIL,33,True,2,10728.3,10711.33481840419,pdl_break,100.0
2019-01-22 14:40:00+05:30,2019-01-22 15:00:00+05:30,PE,10900.0,130.1643092099639,125.12529704644294,-3.871270238443547,SL,4,False,2,10898.6,10908.43382047207,vwap_reclaim,100.0
2019-01-24 11:15:00+05:30,2019-01-24 11:20:00+05:30,PE,10850.0,125.74651438726687,120.52523372727683,-4.152226950728711,SL,1,False,2,10829.1,10839.411253071492,vwap_reclaim,100.0
2019-01-24 12:30:00+05:30,2019-01-24 13:15:00+05:30,PE,10850.0,125.50748530728924,128.61959283043097,2.479619056602189,TRAIL,9,True,2,10825.8,10825.265700182737,vwap_reclaim,100.0
2019-01-24 13:45:00+05:30,2019-01-24 13:50:00+05:30,PE,10800.0,109.56690565588451,105.0371395016573,-4.134246675226738,SL,1,False,3,10803.4,10812.881356509773,pdl_break,100.0
2019-01-25 10:15:00+05:30,2019-01-25 11:15:00+05:30,PE,10900.0,95.05189672557208,100.92445560343003,6.178265852824416,TRAIL,12,True,2,10918.4,10902.1,vwap_reclaim,100.0
2019-01-29 12:50:00+05:30,2019-01-29 12:55:00+05:30,PE,10600.0,72.42774545977409,67.57026482896799,-6.70665723469731,SL,1,False,2,10614.1,10624.520699210254,pdl_break,100.0
2019-01-30 10:05:00+05:30,2019-01-30 10:25:00+05:30,PE,10700.0,77.99566417803726,90.16750055156126,15.60578591361168,TRAIL,4,True,1,10681.3,10657.0,vwap_reject,100.0
2019-01-30 13:35:00+05:30,2019-01-30 13:45:00+05:30,PE,10650.0,58.44700518406353,53.131429645506614,-9.094692742283206,SL,2,False,2,10647.9,10657.785729207335,vwap_reclaim,100.0
2019-02-08 14:15:00+05:30,2019-02-08 14:25:00+05:30,PE,11000.0,152.3295537028589,146.33391657758784,-3.9359644793330317,SL,2,False,2,10993.2,11006.114437648986,vwap_reclaim,100.0
2019-02-11 09:45:00+05:30,2019-02-11 11:25:00+05:30,PE,10850.0,74.73666339929332,64.9898231158868,-13.041578042268732,SL,20,False,1,10867.6,10884.035080759693,vwap_reject,100.0
2019-02-12 14:40:00+05:30,2019-02-12 15:05:00+05:30,PE,10850.0,64.93326211651947,71.45557627315111,10.044642674701398,SQOFF,5,True,2,10846.6,10834.5,vwap_reclaim,100.0
2019-02-19 10:30:00+05:30,2019-02-19 11:00:00+05:30,PE,10650.0,70.63849605303676,64.9676597261705,-8.027968662595097,SL,6,False,2,10672.1,10682.710763981258,vwap_reclaim,100.0
2019-03-26 09:55:00+05:30,2019-03-26 10:20:00+05:30,PE,11400.0,88.80126925435343,81.90426308754832,-7.766787822649269,SL,5,False,2,11384.4,11396.454656546428,vwap_reclaim,100.0
2019-04-04 11:50:00+05:30,2019-04-04 12:00:00+05:30,PE,11650.0,64.67160048561345,57.04958928855831,-11.785716048191352,SL,2,False,1,11611.9,11622.89087637378,pdl_break,100.0
2019-04-05 10:00:00+05:30,2019-04-05 10:25:00+05:30,PE,11650.0,119.13850174932395,126.39842070242503,6.093679915814687,TRAIL,5,True,2,11650.5,11636.3,vwap_reject,100.0
2019-04-08 13:30:00+05:30,2019-04-08 14:20:00+05:30,PE,11600.0,100.59076562113569,109.83310119912767,9.18805570364405,T2,10,True,2,11593.9,11565.028800124544,pdl_break,100.0
2019-04-11 09:50:00+05:30,2019-04-11 10:15:00+05:30,PE,11650.0,93.92964031411157,97.78668601049685,4.106313708310694,TRAIL,5,True,1,11590.9,11591.660595233812,vwap_reclaim,100.0
2019-04-11 11:00:00+05:30,2019-04-11 11:35:00+05:30,PE,11650.0,90.85520472985536,94.61448275975545,4.137658421526602,TRAIL,7,True,2,11586.7,11585.013045598787,vwap_reclaim,100.0
2019-06-07 11:15:00+05:30,2019-06-07 11:40:00+05:30,PE,11850.0,107.42372155235807,98.74325584697908,-8.080585535428641,SL,5,False,1,11830.7,11847.062615449751,vwap_reclaim,100.0
2019-06-10 10:10:00+05:30,2019-06-10 11:05:00+05:30,PE,11950.0,87.17194084968469,97.47272040551752,11.816622935578568,TRAIL,11,True,1,11947.8,11925.7,vwap_reclaim,100.0
2019-06-13 09:50:00+05:30,2019-06-13 11:55:00+05:30,PE,11900.0,63.212961994384386,80.09085186500488,26.70004590533166,T2,25,True,1,11860.2,11821.658689629863,pdl_break,100.0
2019-06-19 10:20:00+05:30,2019-06-19 10:30:00+05:30,PE,11800.0,70.91667084447545,63.603309844570504,-10.312611848268494,SL,2,False,1,11776.2,11789.286384656523,vwap_reclaim,100.0
2019-07-11 10:45:00+05:30,2019-07-11 11:25:00+05:30,PE,11600.0,70.33209492282185,60.86269388569235,-13.463840438025688,SL,8,False,1,11542.6,11553.02865883426,vwap_reclaim,100.0
2019-07-22 11:30:00+05:30,2019-07-22 12:35:00+05:30,PE,11350.0,72.44468675983717,81.6466480321842,12.702051294462269,TRAIL,13,True,1,11337.4,11318.4,vwap_reject,100.0
2019-07-22 14:30:00+05:30,2019-07-22 14:40:00+05:30,PE,11300.0,51.077622085632356,45.687106973875416,-10.553574915291996,SL,2,False,2,11324.1,11336.882532605614,vwap_reclaim,100.0
2019-07-23 11:05:00+05:30,2019-07-23 11:10:00+05:30,PE,11350.0,64.29771758439347,58.23109420454148,-9.435207979022408,SL,1,False,2,11341.6,11353.86865366285,vwap_reclaim,100.0
2019-07-23 14:30:00+05:30,2019-07-23 15:05:00+05:30,PE,11350.0,60.51513118074854,64.0093819445874,5.774176963117084,SQOFF,7,True,2,11337.2,11340.4,vwap_reclaim,100.0
2019-07-25 09:55:00+05:30,2019-07-25 10:10:00+05:30,PE,11400.0,61.063476201967205,75.30872592714059,23.32859282045665,TRAIL,3,True,1,11355.3,11335.3,pdh_sweep,100.0
2019-07-26 13:30:00+05:30,2019-07-26 13:35:00+05:30,PE,11250.0,67.63995571518717,62.486869233347534,-7.6184060550510075,SL,1,False,2,11259.1,11270.555464848905,vwap_reclaim,100.0
2019-07-29 14:00:00+05:30,2019-07-29 14:05:00+05:30,PE,11200.0,64.84436029945573,58.60731062791638,-9.618492098212128,SL,1,False,2,11189.9,11202.567760924985,pdl_break,100.0
2019-07-30 09:55:00+05:30,2019-07-30 10:25:00+05:30,PE,11250.0,63.49394611174739,72.71309146778731,14.519723407668671,TRAIL,6,True,2,11246.5,11226.716326965889,vwap_reclaim,100.0
2019-07-31 10:25:00+05:30,2019-07-31 11:15:00+05:30,PE,11050.0,57.0386629650402,62.951541035162336,10.366438767588605,TRAIL,10,True,1,11037.7,11039.421977044067,vwap_reject,100.0
2019-07-31 12:50:00+05:30,2019-07-31 12:55:00+05:30,PE,11050.0,40.98271309747179,34.72339569978794,-15.27306740965858,SL,1,False,2,11059.4,11073.509131680677,pdl_break,100.0
2019-08-01 11:25:00+05:30,2019-08-01 11:45:00+05:30,PE,11050.0,69.69173022087853,58.73906132875618,-15.715880287961493,SL,4,False,1,10989.2,11002.602103534899,pdl_break,100.0
2019-08-06 11:55:00+05:30,2019-08-06 12:05:00+05:30,PE,10900.0,70.24673262372744,64.06347883020771,-8.802194155619969,SL,2,False,2,10905.7,10918.456719430695,vwap_reclaim,100.0
2019-08-20 14:40:00+05:30,2019-08-20 15:05:00+05:30,PE,11000.0,64.30679934311866,66.70439609512187,3.728372079615516,SQOFF,5,True,2,11007.8,11017.4,vwap_reclaim,100.0
2019-08-22 09:45:00+05:30,2019-08-22 10:35:00+05:30,PE,10900.0,59.124016563916484,75.69305403234648,28.024208149860574,T2,10,True,1,10874.7,10833.847170803112,vwap_reject,100.0
2019-08-29 10:05:00+05:30,2019-08-29 12:15:00+05:30,PE,11050.0,80.49085207602366,106.29233694599407,32.055176712008084,T2,26,True,1,10989.3,10938.142412577401,vwap_reclaim,100.0
2019-08-30 09:45:00+05:30,2019-08-30 10:05:00+05:30,PE,11000.0,91.938994720339,104.51942993773218,13.683459619784276,TRAIL,4,True,1,11015.0,10987.4,pdh_sweep,100.0
2019-09-04 10:45:00+05:30,2019-09-04 11:00:00+05:30,PE,10750.0,63.61369459654634,54.813097468039814,-13.834437984339809,SL,3,False,1,10754.0,10771.746190827162,pdl_break,100.0
2019-09-06 09:45:00+05:30,2019-09-06 11:40:00+05:30,PE,10900.0,108.10578453486505,97.4337004852323,-9.871889922958676,SL,23,False,1,10890.1,10906.01446991088,vwap_reclaim,100.0
2019-09-13 10:05:00+05:30,2019-09-13 10:15:00+05:30,PE,10950.0,89.10566205219857,81.2921128943508,-8.768858204847362,SL,2,False,1,10948.1,10964.522468630368,pdl_break,100.0
2019-09-13 11:00:00+05:30,2019-09-13 11:55:00+05:30,PE,10950.0,76.7492454881558,69.39295411391049,-9.584838687932839,SL,11,False,2,10972.5,10986.911419304395,vwap_reclaim,100.0
2019-09-17 09:50:00+05:30,2019-09-17 10:45:00+05:30,PE,10950.0,66.05637298042348,79.74929010225014,20.72913861904697,T2,11,True,2,10957.5,10917.692056543905,pdl_break,100.0
2019-09-18 13:35:00+05:30,2019-09-18 13:50:00+05:30,PE,10850.0,58.464154886640245,50.94321511195449,-12.86418967189139,SL,3,False,1,10834.6,10847.787790981396,vwap_reclaim,100.0
2019-09-26 09:45:00+05:30,2019-09-26 10:20:00+05:30,PE,11600.0,72.1058223533646,57.91405227620271,-19.681864257248392,SL,7,False,1,11554.0,11573.608638706544,pdh_sweep,100.0
2019-09-30 13:25:00+05:30,2019-09-30 13:40:00+05:30,PE,11400.0,74.2382512508957,67.98749751640844,-8.419855841380485,SL,3,False,2,11420.4,11433.83278022308,vwap_reclaim,100.0
2019-09-30 14:35:00+05:30,2019-09-30 15:05:00+05:30,PE,11450.0,70.3798160328979,72.8275639393296,3.4779117713060304,SQOFF,6,False,1,11474.9,11467.1,pdl_break,100.0
2019-10-04 09:55:00+05:30,2019-10-04 11:55:00+05:30,PE,11350.0,104.60766609779785,122.04595922969747,16.67018659569035,T2,24,True,1,11361.9,11305.745629543542,pdh_sweep,100.0
2019-10-07 10:45:00+05:30,2019-10-07 11:55:00+05:30,PE,11200.0,101.51277806416783,89.57556100327201,-11.759324578182772,SL,14,False,1,11187.4,11207.440029168858,vwap_reclaim,100.0
2019-10-09 10:10:00+05:30,2019-10-09 10:30:00+05:30,PE,11100.0,64.88400995031952,55.900515124289086,-13.84546798650227,SL,4,False,1,11107.5,11125.421849175344,pdl_break,100.0
2019-11-11 10:20:00+05:30,2019-11-11 11:30:00+05:30,PE,11900.0,92.86044793493966,97.35173518489046,4.836598734799891,TRAIL,14,True,1,11897.4,11893.694935073268,vwap_reclaim,100.0
2019-11-13 09:45:00+05:30,2019-11-13 10:00:00+05:30,PE,11900.0,59.79098871439783,53.141032738931244,-11.122003697298377,SL,3,False,2,11917.2,11931.103827917043,vwap_reclaim,100.0
2019-11-14 09:55:00+05:30,2019-11-14 10:05:00+05:30,PE,11850.0,68.40583335732663,58.74698674498177,-14.119916589409321,SL,2,False,1,11811.7,11826.962413100164,vwap_reject,100.0
2019-11-14 12:00:00+05:30,2019-11-14 13:20:00+05:30,PE,11900.0,79.6811064676258,83.33400778172017,4.584400839838421,TRAIL,16,True,1,11833.0,11833.29580301662,vwap_reclaim,100.0
2019-12-03 10:35:00+05:30,2019-12-03 11:35:00+05:30,PE,12000.0,64.17250902040541,73.91835091840721,15.186942269785408,T2,12,True,2,12014.3,11983.383765071245,pdl_break,100.0
2019-12-04 11:05:00+05:30,2019-12-04 12:50:00+05:30,PE,12000.0,61.112660253002105,71.91666979193906,17.67884018501096,T2,21,True,2,11992.9,11957.34572860169,vwap_reclaim,100.0
2019-12-09 14:10:00+05:30,2019-12-09 14:30:00+05:30,PE,11950.0,79.6978270645759,73.95942089653909,-7.200204044944936,SL,4,False,2,11934.8,11945.218224306556,vwap_reclaim,100.0
2019-12-10 14:00:00+05:30,2019-12-10 15:05:00+05:30,PE,11850.0,55.34562265340901,61.140519302874964,10.470379357289627,SQOFF,13,True,3,11871.0,11853.3,pdl_break,100.0
2019-12-27 10:15:00+05:30,2019-12-27 10:35:00+05:30,PE,12200.0,81.30797034215448,75.76558448543074,-6.816534508733474,SL,4,False,2,12179.5,12189.946038358425,vwap_reclaim,100.0
2020-01-21 12:15:00+05:30,2020-01-21 13:10:00+05:30,PE,12200.0,78.98478428260842,71.88537895735953,-8.988320205885646,SL,11,False,2,12191.5,12201.754705637415,vwap_reclaim,100.0
2020-01-27 14:35:00+05:30,2020-01-27 15:05:00+05:30,PE,12150.0,87.74815504575145,93.42816789531526,6.473085213703111,SQOFF,6,True,2,12141.5,12130.4,pdl_break,100.0
2020-01-28 14:00:00+05:30,2020-01-28 14:05:00+05:30,PE,12050.0,67.74727164985143,62.6648834621501,-7.501982093049309,SL,1,False,2,12072.9,12084.259997085484,pdl_break,100.0
2020-01-29 11:25:00+05:30,2020-01-29 11:30:00+05:30,PE,12150.0,73.60746721450505,67.86587931297981,-7.800279127650523,SL,1,False,2,12140.2,12151.257918941148,vwap_reclaim,100.0
2020-01-31 12:50:00+05:30,2020-01-31 13:30:00+05:30,PE,12000.0,104.95507202410772,97.70078121019378,-6.911805855602349,SL,8,False,2,12000.4,12013.39683414677,vwap_reject,100.0
2020-02-14 13:25:00+05:30,2020-02-14 14:00:00+05:30,PE,12150.0,91.244533102471,84.35228511337664,-7.553601026544909,SL,7,False,2,12132.2,12144.516245297387,pdl_break,100.0
2020-02-17 12:20:00+05:30,2020-02-17 12:35:00+05:30,PE,12050.0,68.15389940217665,62.96737449223201,-7.610019317220451,SL,3,False,2,12066.5,12077.563770642775,pdl_break,100.0
2020-02-18 09:55:00+05:30,2020-02-18 11:25:00+05:30,PE,11950.0,65.45797968545503,78.6459398754564,20.14721544015479,T2,18,True,2,11966.2,11923.73677108404,vwap_reject,100.0
2020-02-19 09:45:00+05:30,2020-02-19 10:25:00+05:30,PE,12100.0,73.6302694819351,87.39243005352637,18.69090072387656,TRAIL,8,True,1,12075.8,12051.4,vwap_reject,100.0
2020-02-19 11:10:00+05:30,2020-02-19 11:45:00+05:30,PE,12050.0,49.240862214957815,42.25411350254217,-14.188924397618074,SL,7,False,2,12067.8,12080.840385113352,vwap_reclaim,100.0
2020-02-25 12:40:00+05:30,2020-02-25 13:30:00+05:30,PE,11850.0,83.50788137873587,87.57798559699813,4.873916271211565,TRAIL,10,True,2,11841.9,11838.957270033816,vwap_reclaim,100.0
2020-02-25 14:05:00+05:30,2020-02-25 14:25:00+05:30,PE,11800.0,78.30936902300982,70.93193547149349,-9.420882384263118,SL,4,False,2,11794.5,11808.039759755502,pdl_break,100.0
2020-02-26 10:10:00+05:30,2020-02-26 11:35:00+05:30,PE,11700.0,61.780141336279485,64.62324219718403,4.6019656145315,TRAIL,17,True,1,11713.8,11713.032092512694,vwap_reject,100.0
2020-02-26 14:10:00+05:30,2020-02-26 14:30:00+05:30,PE,11700.0,45.809290428365784,58.96739403355923,28.723657323986295,T2,4,True,2,11721.5,11681.953284350018,vwap_reclaim,100.0
2020-03-02 10:45:00+05:30,2020-03-02 10:55:00+05:30,PE,11350.0,133.4014143054892,121.29438048314023,-9.075641278153068,SL,2,False,1,11341.9,11366.397959211195,vwap_reject,100.0
2020-03-02 12:45:00+05:30,2020-03-02 13:15:00+05:30,PE,11350.0,117.06545719929636,108.8477932554706,-7.0197171227339155,SL,6,False,1,11364.8,11379.815315080996,vwap_reclaim,100.0
2020-03-02 14:20:00+05:30,2020-03-02 14:25:00+05:30,PE,11350.0,115.20329422524082,107.03704048912641,-7.088559221360535,SL,1,False,1,11359.2,11376.435140264006,vwap_reclaim,100.0
2020-08-21 09:45:00+05:30,2020-08-21 11:40:00+05:30,PE,11400.0,127.16720163455193,135.87804448061797,6.8499131333399355,TRAIL,23,True,1,11406.8,11379.5,vwap_reclaim,100.0
2020-09-04 12:30:00+05:30,2020-09-04 12:40:00+05:30,PE,11400.0,128.61602641903482,121.95522274099858,-5.178828691484494,SL,2,False,2,11390.4,11403.493808355948,vwap_reclaim,100.0
2020-09-04 14:05:00+05:30,2020-09-04 14:35:00+05:30,PE,11400.0,120.30757031289431,135.23446727443206,12.407279876666188,T2,6,True,2,11400.6,11358.422303094148,vwap_reclaim,100.0
2020-09-07 09:55:00+05:30,2020-09-07 10:10:00+05:30,PE,11300.0,127.12368866460383,114.12487173962836,-10.225330197325256,SL,3,False,1,11294.9,11321.218982405462,vwap_reject,100.0
2020-09-07 14:30:00+05:30,2020-09-07 14:45:00+05:30,PE,11300.0,116.81084131457465,108.51691557851063,-7.100304768568744,SL,3,False,1,11291.8,11307.55507121189,vwap_reclaim,100.0
2020-09-09 11:00:00+05:30,2020-09-09 12:05:00+05:30,PE,11250.0,88.66794122131523,105.37939363379519,18.847231797982268,T2,13,True,1,11244.5,11194.035654884345,vwap_reclaim,100.0
2020-09-09 13:25:00+05:30,2020-09-09 13:30:00+05:30,PE,11250.0,85.49489190604527,77.40082781998353,-9.46730723393009,SL,1,False,1,11231.2,11246.295290691021,vwap_reclaim,100.0
2020-09-09 14:10:00+05:30,2020-09-09 14:20:00+05:30,PE,11250.0,81.00174745877212,72.4766392527199,-10.524597892645804,SL,2,False,1,11233.3,11248.52322676542,vwap_reclaim,100.0
2020-09-10 09:45:00+05:30,2020-09-10 10:20:00+05:30,PE,11400.0,92.37611438578824,78.3197935262906,-15.216401937837043,SL,7,False,1,11346.8,11365.087118222547,vwap_reclaim,100.0
2020-09-21 10:50:00+05:30,2020-09-21 13:05:00+05:30,PE,11500.0,109.19539428531789,125.0166240042031,14.48891670059429,T2,27,True,1,11506.4,11452.150497725752,vwap_reclaim,100.0
2020-09-23 11:00:00+05:30,2020-09-23 11:55:00+05:30,PE,11200.0,72.14343576595456,81.91525341801389,13.544985137332176,TRAIL,11,True,1,11217.8,11190.7,vwap_reclaim,100.0
2020-10-14 10:50:00+05:30,2020-10-14 11:55:00+05:30,PE,11850.0,80.55540900040614,84.94783191634178,5.452672850203633,TRAIL,13,True,1,11855.0,11847.814131241197,vwap_reject,100.0
2020-10-29 11:30:00+05:30,2020-10-29 11:45:00+05:30,PE,11700.0,72.71522204215762,61.24724101494303,-15.771087132988292,SL,3,False,1,11669.7,11687.3094463204,vwap_reclaim,100.0
2020-10-29 12:35:00+05:30,2020-10-29 12:50:00+05:30,PE,11750.0,87.0862437884889,72.01100515631333,-17.31070026259213,SL,3,False,1,11685.4,11705.142591344107,vwap_reclaim,100.0
2020-11-26 10:55:00+05:30,2020-11-26 12:35:00+05:30,PE,12900.0,97.29173899940906,105.32343025552746,8.255265389147958,TRAIL,20,True,1,12844.2,12824.940720694223,vwap_reclaim,100.0
2021-01-15 13:05:00+05:30,2021-01-15 13:35:00+05:30,PE,14500.0,170.81006889828404,161.05720136163563,-5.70977319987861,SL,6,False,1,14511.7,14529.476907714197,vwap_reclaim,100.0
2021-01-27 11:00:00+05:30,2021-01-27 11:15:00+05:30,PE,14150.0,119.71094382313004,106.2549336739412,-11.240417725775986,SL,3,False,1,14132.0,14156.632158061133,vwap_reject,100.0
2021-02-19 10:00:00+05:30,2021-02-19 10:10:00+05:30,PE,15050.0,174.2292275028385,162.52977127445592,-6.71497910888228,SL,2,False,1,15061.2,15085.721010092288,vwap_reclaim,100.0
2021-02-19 10:50:00+05:30,2021-02-19 11:50:00+05:30,PE,15100.0,184.84503325208607,170.67129508786002,-7.667903169946866,SL,12,False,1,15085.4,15108.922415469284,vwap_reclaim,100.0
2021-02-22 11:05:00+05:30,2021-02-22 12:05:00+05:30,PE,14850.0,152.50338757564168,179.4984891111426,17.701312714847937,T2,12,True,1,14867.5,14788.920284053285,pdl_break,100.0
2021-03-16 11:25:00+05:30,2021-03-16 12:00:00+05:30,PE,15000.0,136.20709783624534,122.53303276865518,-10.039172175909494,SL,7,False,1,14990.9,15014.684416978993,vwap_reclaim,100.0
2021-03-18 09:50:00+05:30,2021-03-18 10:30:00+05:30,PE,14900.0,112.66657087302883,142.57055833761842,26.542023275289274,TRAIL,8,True,1,14830.8,14776.3,vwap_reclaim,100.0
2021-03-22 14:15:00+05:30,2021-03-22 14:25:00+05:30,PE,14650.0,122.40757963272972,109.93591524993553,-10.188637354168772,SL,2,False,1,14670.9,14697.927306685313,vwap_reclaim,100.0
2021-03-25 10:10:00+05:30,2021-03-25 11:55:00+05:30,PE,14500.0,112.98228095320155,148.66545833412147,31.582985473359535,T2,21,True,1,14436.5,14355.929891909425,vwap_reject,100.0
2021-03-26 10:55:00+05:30,2021-03-26 11:05:00+05:30,PE,14450.0,179.02567247967636,164.10585684424314,-8.333897272262437,SL,2,False,1,14451.0,14482.070953156117,vwap_reclaim,100.0
2021-04-05 13:00:00+05:30,2021-04-05 13:15:00+05:30,PE,14550.0,136.03481873901183,122.49244014936448,-9.955082614274602,SL,3,False,1,14548.2,14575.540253050145,vwap_reject,100.0
2021-04-13 10:30:00+05:30,2021-04-13 12:25:00+05:30,PE,14400.0,151.3392389082801,167.46864092886608,10.657779262628164,TRAIL,23,True,1,14379.2,14342.640078666109,vwap_reclaim,100.0
2021-04-19 11:30:00+05:30,2021-04-19 11:45:00+05:30,PE,14250.0,135.64528088583938,122.73900758638229,-9.514723413282,SL,3,False,1,14258.5,14285.154341006435,vwap_reclaim,100.0
2021-04-20 09:45:00+05:30,2021-04-20 11:05:00+05:30,PE,14450.0,130.82826320018467,148.7327549926954,13.68549222816975,TRAIL,16,True,1,14471.8,14420.5,vwap_reject,100.0
2021-05-03 11:40:00+05:30,2021-05-03 11:55:00+05:30,PE,14550.0,168.38298374450642,156.63775024940423,-6.9753090448400945,SL,3,False,1,14535.5,14557.970619058955,vwap_reclaim,100.0
2021-05-05 14:10:00+05:30,2021-05-05 14:20:00+05:30,PE,14550.0,94.2073768033597,83.51789145893235,-11.34676042061934,SL,2,False,1,14551.7,14572.28156265714,vwap_reclaim,100.0
2021-05-14 11:40:00+05:30,2021-05-14 12:35:00+05:30,PE,14650.0,164.00430997376407,168.44775321494672,2.7093454079917034,TRAIL,11,True,1,14637.7,14645.38199861358,pdl_break,100.0
2021-06-17 11:30:00+05:30,2021-06-17 12:35:00+05:30,PE,15750.0,66.06610111859845,66.58852031711467,0.7907522763881625,TRAIL,13,True,1,15717.0,15718.045873215562,vwap_reclaim,100.0
2021-06-23 14:10:00+05:30,2021-06-23 14:35:00+05:30,PE,15750.0,65.91138382769532,85.7218404797286,30.056198947091616,T2,5,True,1,15748.2,15696.153698507302,vwap_reclaim,100.0
2021-07-01 10:00:00+05:30,2021-07-01 12:00:00+05:30,PE,15750.0,66.52818296913028,71.83121333095642,7.9711035611581105,TRAIL,24,True,1,15717.6,15705.916579739944,vwap_reclaim,100.0
2021-07-02 10:30:00+05:30,2021-07-02 11:05:00+05:30,PE,15650.0,98.2150666830803,102.45650317794207,4.3185191825486635,TRAIL,7,True,2,15668.5,15666.954819956127,vwap_reclaim,100.0
2021-07-09 09:45:00+05:30,2021-07-09 09:55:00+05:30,PE,15650.0,116.96958028706922,107.11211291551172,-8.427376884968806,SL,2,False,1,15644.7,15665.319361295664,vwap_reject,100.0
2021-07-09 11:10:00+05:30,2021-07-09 11:55:00+05:30,PE,15700.0,121.65516090180063,127.13829046224009,4.507108058379394,TRAIL,9,True,1,15680.8,15681.879969076093,vwap_reclaim,100.0
2021-07-09 13:00:00+05:30,2021-07-09 13:05:00+05:30,PE,15650.0,101.25935417411165,94.99772022695106,-6.183758526045846,SL,1,False,2,15666.2,15680.050617072731,pdl_break,100.0
2021-07-09 14:30:00+05:30,2021-07-09 14:35:00+05:30,PE,15650.0,101.52518931338636,94.89681750234286,-6.5287953224919875,SL,1,False,2,15659.5,15673.885150536275,vwap_reclaim,100.0
2021-07-13 10:35:00+05:30,2021-07-13 11:15:00+05:30,PE,15750.0,78.99012578452948,71.63064934345311,-9.316957490549726,SL,8,False,2,15761.9,15775.007214013427,vwap_reclaim,100.0
2021-07-19 10:55:00+05:30,2021-07-19 11:15:00+05:30,PE,15800.0,81.93015529857803,75.29722736754411,-8.09583224499153,SL,4,False,2,15810.7,15824.413406909232,vwap_reclaim,100.0
2021-07-28 14:00:00+05:30,2021-07-28 14:20:00+05:30,PE,15700.0,63.321999433550445,87.01195507734519,37.41188821533468,T2,4,False,1,15690.4,15646.611413597295,pdl_break,100.0
2021-07-29 10:20:00+05:30,2021-07-29 10:35:00+05:30,PE,15800.0,69.95149788114213,59.11345656165577,-15.493651526807605,SL,3,False,1,15763.7,15780.56937432132,pdh_sweep,100.0
2021-08-09 13:30:00+05:30,2021-08-09 14:10:00+05:30,PE,16200.0,83.9685838954465,85.60803403506043,1.9524565778735736,TRAIL,8,True,2,16216.1,16226.495480791264,pdl_break,100.0
2021-09-30 12:30:00+05:30,2021-09-30 13:15:00+05:30,PE,17700.0,74.79749173303571,94.70193259590815,26.61110740707,T2,9,True,1,17671.8,17620.224973825552,vwap_reclaim,100.0
2021-10-01 11:25:00+05:30,2021-10-01 12:55:00+05:30,PE,17500.0,168.31119257422142,178.15584313233012,5.849076586969959,TRAIL,18,True,1,17509.65,17489.835642772785,vwap_reclaim,100.0
2021-10-01 13:35:00+05:30,2021-10-01 14:00:00+05:30,PE,17500.0,171.08929000025455,161.86518853392226,-5.391396192197984,SL,5,False,1,17490.85,17507.58503101581,vwap_reclaim,100.0
2021-10-12 12:55:00+05:30,2021-10-12 13:05:00+05:30,PE,17900.0,106.74012134565965,98.13824394883704,-8.05871052831849,SL,2,False,1,17912.25,17929.91428404781,vwap_reclaim,100.0
2021-10-26 12:05:00+05:30,2021-10-26 12:55:00+05:30,PE,18150.0,120.94498286302587,130.75673530026688,8.11257499482483,TRAIL,10,True,1,18166.35,18151.862842989438,vwap_reject,100.0
2021-10-28 10:25:00+05:30,2021-10-28 11:00:00+05:30,PE,18150.0,107.50376625384342,142.91837008500806,32.94266337380392,T2,7,True,1,18084.55,18012.03780629307,vwap_reject,100.0
2021-10-28 12:00:00+05:30,2021-10-28 12:25:00+05:30,PE,18100.0,79.9916214513778,109.05900981327522,36.33804120293496,T2,5,True,1,18061.05,17998.242019053236,vwap_reclaim,100.0
2021-10-29 13:00:00+05:30,2021-10-29 14:05:00+05:30,PE,17800.0,176.90239510413448,212.36125192494092,20.044305674851604,T2,13,True,1,17778.5,17685.5052580995,vwap_reject,100.0
2021-11-01 11:45:00+05:30,2021-11-01 12:05:00+05:30,PE,17750.0,145.1749592942142,131.6344433288259,-9.327032727418805,SL,4,False,1,17753.25,17780.352246242805,vwap_reclaim,100.0
2021-11-03 14:20:00+05:30,2021-11-03 15:00:00+05:30,PE,17800.0,81.0679406145864,83.97180545871788,3.582013829532249,TRAIL,8,True,1,17807.3,17825.19909961148,pdl_break,100.0
2021-11-08 11:35:00+05:30,2021-11-08 11:40:00+05:30,PE,17850.0,125.73532148097547,116.37438295059383,-7.444955339616333,SL,1,False,1,17865.55,17885.912719335214,vwap_reclaim,100.0
2021-11-11 10:05:00+05:30,2021-11-11 11:45:00+05:30,PE,17950.0,104.50711717689774,113.6774806470612,8.774869805891704,TRAIL,20,True,1,17887.95,17872.26342783474,pdl_break,100.0
2021-11-24 09:45:00+05:30,2021-11-24 10:20:00+05:30,PE,17550.0,116.92588171532043,101.76097059042331,-12.969678656620387,SL,7,False,1,17538.6,17564.558551916143,vwap_reclaim,100.0
2021-12-01 14:40:00+05:30,2021-12-01 14:45:00+05:30,PE,17150.0,102.05361807149893,90.77146625003661,-11.055121841499071,SL,1,False,1,17144.8,17167.11626031887,vwap_reject,100.0
2021-12-06 10:30:00+05:30,2021-12-06 10:45:00+05:30,PE,17150.0,163.1675602016221,148.70519786772456,-8.863503453766642,SL,3,False,1,17132.05,17160.42273127278,vwap_reject,100.0
2021-12-13 13:55:00+05:30,2021-12-13 14:05:00+05:30,PE,17350.0,116.57862224743076,105.06395329801035,-9.877170211345653,SL,2,False,1,17368.9,17393.89423586236,pdl_break,100.0
2021-12-14 11:40:00+05:30,2021-12-14 11:50:00+05:30,PE,17250.0,107.50457266656576,97.46449085956647,-9.33921372641463,SL,2,False,1,17268.45,17289.817719274633,vwap_reclaim,100.0
2021-12-14 13:55:00+05:30,2021-12-14 14:45:00+05:30,PE,17300.0,110.01292752925656,114.1932054411418,3.7998060825838342,TRAIL,10,True,1,17297.0,17302.59879331856,vwap_reclaim,100.0
2021-12-15 10:35:00+05:30,2021-12-15 10:45:00+05:30,PE,17200.0,99.86398361487227,88.91909674058934,-10.959793989885414,SL,2,False,1,17198.0,17219.723548364513,pdl_break,100.0
2021-12-20 14:35:00+05:30,2021-12-20 14:45:00+05:30,PE,16550.0,122.51143723672067,108.80894609607822,-11.184662795332356,SL,2,False,1,16544.65,16572.879861959744,vwap_reclaim,100.0
2022-01-20 12:40:00+05:30,2022-01-20 13:00:00+05:30,PE,17850.0,71.31210519624801,85.75893792613351,20.25859801800607,TRAIL,4,True,1,17820.35,17787.85,vwap_reject,100.0
2022-01-27 10:35:00+05:30,2022-01-27 12:15:00+05:30,PE,17050.0,117.19436531134488,167.66229071970065,43.06344018697481,T2,20,True,1,16988.55,16874.103295410932,vwap_reject,100.0
2022-02-04 10:00:00+05:30,2022-02-04 10:15:00+05:30,PE,17550.0,175.25948170937954,198.50351905036678,13.26264183499708,TRAIL,3,True,1,17570.9,17514.7,vwap_reclaim,100.0
2022-02-04 12:50:00+05:30,2022-02-04 13:20:00+05:30,PE,17500.0,181.16757410353966,170.03913283713155,-6.142623105417345,SL,6,False,1,17489.75,17509.87636329698,pdl_break,100.0
2022-02-08 13:00:00+05:30,2022-02-08 13:30:00+05:30,PE,17200.0,150.42488898251395,158.9391765712826,5.660158798427561,TRAIL,6,True,1,17175.85,17184.752458118797,vwap_reclaim,100.0
2022-02-08 14:10:00+05:30,2022-02-08 14:40:00+05:30,PE,17150.0,126.86124285934329,110.80433288934728,-12.657065001167478,SL,6,False,1,17162.3,17192.605884730827,vwap_reclaim,100.0
2022-02-09 10:00:00+05:30,2022-02-09 12:00:00+05:30,PE,17400.0,120.49384019965328,107.60173523540834,-10.699389232580902,TIME,24,False,1,17398.35,17403.65,vwap_reclaim,100.0
2022-02-21 10:00:00+05:30,2022-02-21 10:35:00+05:30,PE,17150.0,201.09869453742795,183.83013651574947,-8.587105978683763,SL,7,False,1,17125.45,17156.371172103332,vwap_reclaim,100.0
2022-02-21 14:30:00+05:30,2022-02-21 14:50:00+05:30,PE,17200.0,161.80004636735794,164.01627454485106,1.3697327208802568,TRAIL,4,True,1,17221.3,17245.74631888295,vwap_reclaim,100.0
2022-02-22 11:55:00+05:30,2022-02-22 12:05:00+05:30,PE,16950.0,158.05610751127642,144.32316277307746,-8.688651741736209,SL,2,False,1,16951.3,16978.843944010023,vwap_reclaim,100.0
2022-02-22 12:45:00+05:30,2022-02-22 13:50:00+05:30,PE,16950.0,152.2037579758271,160.12675083250724,5.20551723692555,TRAIL,13,True,1,16955.1,16945.452621321343,vwap_reclaim,100.0
2022-04-11 10:40:00+05:30,2022-04-11 11:40:00+05:30,PE,17700.0,158.7955168826029,145.32150625516442,-8.485132887850844,SL,12,False,1,17685.9,17707.475298048503,vwap_reclaim,100.0
2022-04-12 10:50:00+05:30,2022-04-12 11:45:00+05:30,PE,17500.0,131.36171252084569,116.81610702568196,-11.07294143478489,SL,11,False,1,17504.8,17528.755507107853,vwap_reject,100.0
2022-04-18 11:30:00+05:30,2022-04-18 12:50:00+05:30,PE,17150.0,141.6019288310099,163.94083436636538,15.775848337500475,T2,16,True,1,17158.45,17089.785227823013,vwap_reject,100.0
2022-04-25 11:30:00+05:30,2022-04-25 12:25:00+05:30,PE,17000.0,151.0004876801213,176.01457603297968,16.565567924421607,T2,11,True,1,16996.1,16924.184926471644,vwap_reclaim,100.0
2022-04-26 10:25:00+05:30,2022-04-26 11:20:00+05:30,PE,17150.0,158.5009396535279,143.61476024343756,-9.391855620938582,SL,11,False,1,17143.15,17166.018125460487,vwap_reject,100.0
2022-04-27 14:00:00+05:30,2022-04-27 14:10:00+05:30,PE,17050.0,96.95599295749889,86.738477371925,-10.538302248168186,SL,2,False,1,17042.85,17061.92480525212,vwap_reclaim,100.0
2022-05-02 11:10:00+05:30,2022-05-02 11:35:00+05:30,PE,17000.0,170.9018195393037,155.5516547404559,-8.981861539114622,SL,5,False,1,16976.5,17005.11507429445,vwap_reject,100.0
2022-05-02 12:45:00+05:30,2022-05-02 12:55:00+05:30,PE,17000.0,160.7474974583747,149.26744203916587,-7.141669762032576,SL,2,False,1,16986.3,17008.899157732434,vwap_reclaim,100.0
2022-05-04 09:50:00+05:30,2022-05-04 10:25:00+05:30,PE,17050.0,121.85654249914296,147.67101891273887,21.184317135682296,T2,7,True,1,17049.9,16977.983094221265,vwap_reject,100.0
2022-05-04 14:00:00+05:30,2022-05-04 14:05:00+05:30,PE,16850.0,87.33543829469,130.8848157855391,49.864497552417866,T2,1,False,1,16872.05,16787.440477375363,vwap_reject,100.0
2022-05-05 11:30:00+05:30,2022-05-05 12:25:00+05:30,PE,16900.0,91.21283242331447,97.95761563430096,7.394555164874483,TRAIL,11,True,1,16872.05,16863.963890644904,vwap_reclaim,100.0
2022-05-09 13:25:00+05:30,2022-05-09 14:05:00+05:30,PE,16350.0,172.02999209196423,201.32639804813698,17.029824625296385,T2,8,True,1,16326.35,16247.768747506812,pdl_break,100.0
2022-05-09 14:20:00+05:30,2022-05-09 14:30:00+05:30,PE,16250.0,152.6504969286434,138.28413614255987,-9.411276789225976,SL,2,False,1,16257.0,16286.832437067991,vwap_reject,100.0
2022-05-10 13:25:00+05:30,2022-05-10 14:05:00+05:30,PE,16300.0,128.89149486028873,114.3650723095061,-11.270272384169699,SL,8,False,1,16323.2,16348.83254250336,vwap_reclaim,100.0
2022-05-12 12:15:00+05:30,2022-05-12 13:15:00+05:30,PE,15900.0,87.29672755986394,96.82556047615344,10.915452597870967,TRAIL,12,True,1,15863.75,15850.363979894737,vwap_reject,100.0
2022-05-16 10:50:00+05:30,2022-05-16 11:40:00+05:30,PE,15900.0,177.5369337699385,198.73155152130084,11.938145658653433,TRAIL,10,True,1,15911.65,15860.2,vwap_reclaim,100.0
2022-05-19 10:40:00+05:30,2022-05-19 12:40:00+05:30,PE,16000.0,117.39082353174854,151.06286639013615,28.68370954845627,T2,24,True,1,15934.65,15850.914706093195,vwap_reclaim,100.0
2022-05-24 11:10:00+05:30,2022-05-24 11:35:00+05:30,PE,16150.0,156.31214911715506,143.38606451339547,-8.269404954615245,SL,5,False,1,16153.6,16177.102341670563,vwap_reject,100.0
2022-05-24 13:05:00+05:30,2022-05-24 13:30:00+05:30,PE,16150.0,142.96511307820128,128.15941650728928,-10.35616050106809,SL,5,False,1,16162.8,16190.74195248972,vwap_reclaim,100.0
2022-06-06 10:10:00+05:30,2022-06-06 10:25:00+05:30,PE,16500.0,163.25233917589867,149.57239681741794,-8.379630226150125,SL,3,False,1,16498.65,16526.15848899117,vwap_reclaim,100.0
2022-06-09 10:10:00+05:30,2022-06-09 10:20:00+05:30,PE,16350.0,100.39132371894084,86.9877813123785,-13.351295620015314,SL,2,False,1,16306.7,16328.718993342323,vwap_reclaim,100.0
2022-06-13 10:45:00+05:30,2022-06-13 11:00:00+05:30,PE,15800.0,160.76534378534961,147.98973028003456,-7.946745986730052,SL,3,False,1,15779.4,15804.018047242134,vwap_reclaim,100.0
2022-06-16 09:55:00+05:30,2022-06-16 11:05:00+05:30,PE,15800.0,101.71440035131309,132.16106138288706,29.93348132261875,T2,14,True,1,15768.7,15689.183241104227,pdh_sweep,100.0
2022-06-16 11:20:00+05:30,2022-06-16 11:35:00+05:30,PE,15700.0,113.81089140335462,96.4339314845729,-15.268275034589118,SL,3,False,1,15629.0,15653.813938748064,pdl_break,100.0
2022-06-20 13:15:00+05:30,2022-06-20 13:25:00+05:30,PE,15300.0,172.79556049654457,159.58967076854697,-7.642493643962389,SL,2,False,1,15277.7,15303.34210247842,vwap_reclaim,100.0
2022-07-01 10:55:00+05:30,2022-07-01 11:15:00+05:30,PE,15600.0,177.22810531232153,162.94579121566585,-8.058718492468541,SL,4,False,1,15618.85,15648.298513150121,vwap_reject,100.0
2022-08-24 11:55:00+05:30,2022-08-24 12:25:00+05:30,PE,17550.0,98.05485308628249,87.51636943343237,-10.747539077517022,SL,6,False,1,17569.15,17586.79861054066,vwap_reclaim,100.0
2022-08-29 14:30:00+05:30,2022-08-29 14:40:00+05:30,PE,17300.0,135.04548719357626,126.27660928057048,-6.493277261783903,SL,2,False,1,17312.25,17330.165846734024,vwap_reclaim,100.0
2022-09-07 10:20:00+05:30,2022-09-07 11:30:00+05:30,PE,17550.0,109.70880348407354,111.96398055690088,2.055602651025823,TRAIL,14,True,1,17567.6,17567.958776924126,vwap_reclaim,100.0
2022-09-21 14:30:00+05:30,2022-09-21 15:05:00+05:30,PE,17750.0,93.59092478158709,105.32009103495602,12.532375634433857,SQOFF,7,True,1,17747.15,17717.05,vwap_reclaim,100.0
2022-09-26 11:35:00+05:30,2022-09-26 12:10:00+05:30,PE,17050.0,173.12433795959805,157.4692172458681,-9.042703584162371,SL,7,False,1,17040.4,17068.895948773683,vwap_reject,100.0
2022-09-28 14:30:00+05:30,2022-09-28 15:05:00+05:30,PE,16900.0,99.15620261508957,109.28103679796914,10.210994285635099,SQOFF,7,True,1,16903.95,16883.1,pdl_break,100.0
2022-10-10 10:35:00+05:30,2022-10-10 10:55:00+05:30,PE,17100.0,161.26523949279,149.84493166454376,-7.08169216389426,SL,4,False,1,17090.9,17112.618203495087,vwap_reclaim,100.0
2022-10-10 13:50:00+05:30,2022-10-10 14:25:00+05:30,PE,17200.0,150.07279935385122,156.45696007236802,4.254042535358993,TRAIL,7,True,1,17193.85,17194.277624954306,pdl_break,100.0
2022-10-12 10:00:00+05:30,2022-10-12 11:15:00+05:30,PE,17050.0,134.45570464613957,144.5505739785076,7.5079516774209765,TRAIL,15,True,1,17025.7,17007.99893760369,vwap_reclaim,100.0
2022-11-10 10:05:00+05:30,2022-11-10 11:30:00+05:30,PE,18100.0,106.95613353084264,85.94610341762564,-19.643595387784273,SL,17,False,1,18032.35,18051.8997006589,vwap_reject,100.0
2022-12-05 10:35:00+05:30,2022-12-05 11:10:00+05:30,PE,18600.0,108.09768024394361,100.45461203228842,-7.070520102195632,SL,7,False,2,18624.9,18639.32265059546,vwap_reject,100.0
2022-12-05 13:35:00+05:30,2022-12-05 14:05:00+05:30,PE,18650.0,116.23068589434479,108.61492342217753,-6.552282139236532,SL,6,False,2,18642.3,18655.582000953702,vwap_reclaim,100.0
2022-12-07 11:35:00+05:30,2022-12-07 11:50:00+05:30,PE,18550.0,73.11045747922071,65.87412806063276,-9.897803499102231,SL,3,False,2,18573.1,18587.687653278623,pdl_break,100.0
2022-12-16 11:30:00+05:30,2022-12-16 12:20:00+05:30,PE,18350.0,143.45634598563265,131.84981408725616,-8.090636784753247,SL,10,False,1,18327.2,18347.4612300132,vwap_reject,100.0
2022-12-19 13:00:00+05:30,2022-12-19 13:20:00+05:30,PE,18350.0,126.7887982321663,119.34775582215661,-5.8688484422607985,SL,4,False,2,18331.35,18344.734870331064,vwap_reclaim,100.0
2022-12-29 10:50:00+05:30,2022-12-29 11:40:00+05:30,PE,18050.0,79.60106622080093,65.75672875534656,-17.392150787342896,SL,10,False,1,18016.25,18031.15784917949,vwap_reclaim,100.0
2023-01-04 14:20:00+05:30,2023-01-04 14:45:00+05:30,PE,18100.0,76.7841133454076,93.6160244209641,21.921085420156384,T2,5,True,1,18090.6,18045.33866504875,vwap_reclaim,100.0
2023-01-06 12:40:00+05:30,2023-01-06 13:05:00+05:30,PE,17900.0,151.15902907029704,168.6736819127491,11.586904831405608,T2,5,True,1,17875.4,17828.642763575797,pdl_break,100.0
2023-01-10 11:40:00+05:30,2023-01-10 12:05:00+05:30,PE,17950.0,114.35146041785265,105.31138661717887,-7.905516700565407,SL,5,False,1,17933.4,17949.15322006664,pdl_break,100.0
2023-01-10 12:45:00+05:30,2023-01-10 13:05:00+05:30,PE,17900.0,106.43199954603915,97.29094536728189,-8.588633322446526,SL,4,False,1,17891.95,17908.773415380037,pdl_break,100.0
2023-01-12 11:10:00+05:30,2023-01-12 11:35:00+05:30,PE,17850.0,86.20440551629326,72.84410411390127,-15.498397468638425,SL,5,False,1,17800.85,17818.68694866944,pdl_break,100.0
2023-01-12 13:25:00+05:30,2023-01-12 13:55:00+05:30,PE,17850.0,78.86597244689438,62.238383283232906,-21.08335020513177,SL,6,False,1,17788.05,17805.498274783888,pdl_break,100.0
2023-01-31 14:15:00+05:30,2023-01-31 14:25:00+05:30,PE,17600.0,112.21454614292088,101.94858590559033,-9.148511124623193,SL,2,False,1,17610.1,17631.085304494583,vwap_reclaim,100.0
2023-02-13 09:55:00+05:30,2023-02-13 11:00:00+05:30,PE,17750.0,98.3435421569393,99.78704944876472,1.467821130056346,TRAIL,13,True,1,17773.5,17790.062919630465,pdl_break,100.0
2023-02-20 10:10:00+05:30,2023-02-20 12:45:00+05:30,PE,17950.0,108.70874560053562,129.51491295096912,19.13936844316875,T2,31,True,1,17959.05,17890.62587147566,vwap_reclaim,100.0
2023-02-23 11:00:00+05:30,2023-02-23 11:10:00+05:30,PE,17600.0,84.70500714075388,70.41196237153235,-16.873907755501214,SL,2,False,1,17554.6,17577.503792874988,vwap_reclaim,100.0
2023-02-23 12:05:00+05:30,2023-02-23 12:50:00+05:30,PE,17600.0,77.54407817563515,81.04434664171731,4.513908151895429,TRAIL,9,True,1,17554.75,17557.27838546825,vwap_reclaim,100.0
2023-02-23 13:25:00+05:30,2023-02-23 13:45:00+05:30,PE,17600.0,66.5498919210022,53.10111938575574,-20.20855653862035,SL,4,False,1,17555.75,17572.031655287417,vwap_reclaim,100.0
2023-02-24 14:10:00+05:30,2023-02-24 14:35:00+05:30,PE,17450.0,135.65841713117334,126.51300171556431,-6.7415023770813765,SL,5,False,1,17444.8,17462.125321261014,pdl_break,100.0
2023-02-27 11:25:00+05:30,2023-02-27 11:35:00+05:30,PE,17350.0,115.21163488271304,105.19016556780389,-8.69831360791915,SL,2,False,1,17351.9,17372.837827204723,vwap_reclaim,100.0
2023-02-28 09:50:00+05:30,2023-02-28 10:10:00+05:30,PE,17400.0,98.64833124217876,112.35011555371693,13.889524677209897,TRAIL,4,True,1,17407.55,17380.45,vwap_reclaim,100.0
2023-02-28 14:05:00+05:30,2023-02-28 14:15:00+05:30,PE,17250.0,85.30922823454694,76.28258868204739,-10.581082186890667,SL,2,False,1,17258.6,17277.522965384414,pdl_break,100.0
2023-03-10 12:10:00+05:30,2023-03-10 12:40:00+05:30,PE,17400.0,116.60017384821003,108.15723600492402,-7.240930750478148,SL,6,False,1,17395.5,17411.623871317333,vwap_reclaim,100.0
2023-03-15 11:40:00+05:30,2023-03-15 12:00:00+05:30,PE,17150.0,93.30169068243958,108.15237710956626,15.916846006223274,TRAIL,4,True,1,17142.65,17112.05,vwap_reclaim,100.0
2023-03-17 10:20:00+05:30,2023-03-17 11:10:00+05:30,PE,17100.0,162.06766753679585,183.1701878301601,13.020808292050678,TRAIL,10,True,1,17075.75,17028.55,vwap_reject,100.0
2023-03-17 14:20:00+05:30,2023-03-17 14:30:00+05:30,PE,17000.0,129.47378282198497,119.34405658129617,-7.823766340878658,SL,2,False,1,17022.25,17044.288521676688,vwap_reclaim,100.0
2023-03-20 11:30:00+05:30,2023-03-20 12:25:00+05:30,PE,16900.0,107.61842834886465,130.39761834593992,21.166625778284363,T2,11,True,1,16922.1,16854.890446722253,vwap_reclaim,100.0
2023-03-24 11:25:00+05:30,2023-03-24 11:40:00+05:30,PE,17050.0,132.38089678379947,122.37086410214579,-7.56153865463064,SL,3,False,1,17046.15,17066.530507805342,vwap_reclaim,100.0
2023-03-27 10:35:00+05:30,2023-03-27 11:40:00+05:30,PE,17000.0,126.50746109465763,113.15321224109357,-10.556095852379732,SL,13,False,1,16996.5,17019.295603392304,vwap_reclaim,100.0
2023-04-20 09:45:00+05:30,2023-04-20 10:05:00+05:30,PE,17700.0,74.85255600605888,90.77011394731744,21.265216300656633,TRAIL,4,True,1,17658.8,17629.1,vwap_reclaim,100.0
2023-04-24 09:50:00+05:30,2023-04-24 12:00:00+05:30,PE,17650.0,100.65124026762896,107.36446373090712,6.669787123763071,TRAIL,26,True,1,17645.15,17629.242602782524,vwap_reject,100.0
2023-05-17 10:15:00+05:30,2023-05-17 11:00:00+05:30,PE,18250.0,78.41114811769148,93.65878964620151,19.445757260975217,T2,9,True,1,18258.7,18213.90162184654,vwap_reclaim,100.0
2023-05-18 11:00:00+05:30,2023-05-18 11:05:00+05:30,PE,18300.0,90.83394724239042,80.16717817902645,-11.743152628718967,SL,1,False,1,18233.7,18249.26743467918,vwap_reject,100.0
2023-05-18 12:00:00+05:30,2023-05-18 12:10:00+05:30,PE,18300.0,79.93706699994436,90.69001503481286,13.451767044287454,TRAIL,2,True,1,18242.15,18229.5,vwap_reclaim,100.0
2023-05-19 12:55:00+05:30,2023-05-19 13:00:00+05:30,PE,18100.0,113.30889047528035,106.25289358128884,-6.227222651633724,SL,1,False,1,18110.8,18126.17710209041,vwap_reclaim,100.0
2023-06-01 11:25:00+05:30,2023-06-01 11:50:00+05:30,PE,18600.0,70.03419469730397,59.62591416707983,-14.861712303839514,SL,5,False,1,18556.95,18570.38391248372,vwap_reclaim,100.0
2023-06-09 11:00:00+05:30,2023-06-09 11:15:00+05:30,PE,18600.0,105.00486037094561,98.06548133490196,-6.608626506934289,SL,3,False,2,18608.7,18623.32891798085,pdl_break,100.0
2023-06-12 09:50:00+05:30,2023-06-12 10:15:00+05:30,PE,18600.0,108.19661462226395,99.31256886542724,-8.211020083994958,SL,5,False,1,18580.4,18597.09555063257,vwap_reject,100.0
2023-06-20 12:00:00+05:30,2023-06-20 12:20:00+05:30,PE,18700.0,77.0660992946614,71.35718829584857,-7.4078110233461665,SL,4,False,2,18711.9,18722.936924049107,pdl_break,100.0
2023-07-07 13:35:00+05:30,2023-07-07 13:50:00+05:30,PE,19350.0,110.1475867462359,104.30411261846893,-5.305131324601319,SL,3,False,2,19360.35,19372.27663284527,pdl_break,100.0
2023-07-10 13:25:00+05:30,2023-07-10 13:30:00+05:30,PE,19400.0,109.55816433859036,102.36277110353876,-6.5676467641555,SL,1,False,1,19379.55,19393.794792834982,vwap_reclaim,100.0
2023-07-10 14:00:00+05:30,2023-07-10 14:10:00+05:30,PE,19400.0,106.6240183882237,99.39195629777169,-6.782770148579187,SL,2,False,1,19382.85,19396.901279598555,vwap_reclaim,100.0
2023-07-14 11:40:00+05:30,2023-07-14 12:05:00+05:30,PE,19450.0,102.93522561220198,95.74009201292574,-6.98996243169775,SL,5,False,2,19463.95,19478.72554853406,vwap_reclaim,100.0
2023-07-24 11:35:00+05:30,2023-07-24 11:50:00+05:30,PE,19750.0,112.04081514812606,129.68709618066168,15.749868482486473,T2,3,True,1,19735.35,19689.112814007618,vwap_reclaim,100.0
2023-07-24 14:05:00+05:30,2023-07-24 14:10:00+05:30,PE,19750.0,105.67711688188137,97.99537822942693,-7.269065318124223,SL,1,False,1,19737.2,19752.796582066832,vwap_reclaim,100.0
2023-07-25 13:20:00+05:30,2023-07-25 13:40:00+05:30,PE,19650.0,93.83476287779558,85.87844240086815,-8.479075593007291,SL,4,False,1,19635.4,19649.749411256704,pdl_break,100.0
2023-07-28 11:40:00+05:30,2023-07-28 11:50:00+05:30,PE,19600.0,112.89428317430247,104.26422339564488,-7.64437271401357,SL,2,False,1,19584.25,19601.853287273192,pdl_break,100.0
2023-08-04 10:45:00+05:30,2023-08-04 11:00:00+05:30,PE,19450.0,110.80608932248651,101.80946300332289,-8.119252627876916,SL,3,False,1,19456.15,19475.324160496344,vwap_reject,100.0
2023-08-04 13:30:00+05:30,2023-08-04 13:35:00+05:30,PE,19500.0,118.14684011109784,110.1862752963425,-6.737856727500901,SL,1,False,1,19481.1,19497.285564955568,vwap_reclaim,100.0
2023-08-17 10:40:00+05:30,2023-08-17 11:00:00+05:30,PE,19450.0,81.39910477726517,70.69858343815031,-13.145748185308692,SL,4,False,1,19399.05,19413.733705407383,vwap_reject,100.0
2023-08-25 12:45:00+05:30,2023-08-25 13:15:00+05:30,PE,19300.0,119.18398870223245,111.12654848308193,-6.760505590462418,SL,6,False,1,19290.65,19305.74912375766,vwap_reclaim,100.0
2023-08-25 14:05:00+05:30,2023-08-25 14:55:00+05:30,PE,19300.0,116.55631193109002,123.16454798045379,5.66956515685797,TRAIL,10,True,2,19290.85,19280.250714401365,vwap_reclaim,100.0
2023-08-29 09:55:00+05:30,2023-08-29 11:55:00+05:30,PE,19350.0,106.13730535892864,104.46537034836001,-1.5752566968933124,TIME,24,False,1,19338.55,19331.25,vwap_reclaim,100.0
2023-09-21 11:30:00+05:30,2023-09-21 12:55:00+05:30,PE,19800.0,63.2098792174329,80.65061825419252,27.59179301192143,T2,17,True,1,19766.4,19722.49542923731,vwap_reject,100.0
2023-09-22 13:25:00+05:30,2023-09-22 13:50:00+05:30,PE,19750.0,111.90744667156832,128.18923272200755,14.549332090672973,T2,5,True,1,19738.85,19694.90876197031,vwap_reclaim,100.0
2023-09-25 14:05:00+05:30,2023-09-25 14:30:00+05:30,PE,19650.0,90.41719324330188,92.00865356281065,1.7601301947366865,TRAIL,5,True,1,19651.85,19667.7957225668,vwap_reclaim,100.0
2023-10-03 11:10:00+05:30,2023-10-03 11:20:00+05:30,PE,19500.0,85.20545114878587,77.9301693659745,-8.538516825768871,SL,2,False,1,19510.35,19525.741738568675,vwap_reject,100.0
2023-10-04 11:25:00+05:30,2023-10-04 11:55:00+05:30,PE,19400.0,72.56549115525377,87.02648496600887,19.928196695886502,T2,6,True,2,19402.0,19360.75253664216,vwap_reclaim,100.0
2023-10-05 10:00:00+05:30,2023-10-05 10:25:00+05:30,PE,19600.0,96.44633788409556,114.99727319392787,19.234463139622694,TRAIL,5,True,1,19528.15,19497.8,vwap_reclaim,100.0
2023-10-19 13:00:00+05:30,2023-10-19 13:15:00+05:30,PE,19700.0,64.58430034519552,80.74187996326327,25.017813201826744,TRAIL,3,True,1,19650.55,19626.35,pdl_break,100.0
2023-10-20 11:25:00+05:30,2023-10-20 12:10:00+05:30,PE,19550.0,105.08217592252731,110.6438648905978,5.292704418464722,TRAIL,9,True,2,19560.4,19553.717099346923,vwap_reclaim,100.0
2023-10-20 13:30:00+05:30,2023-10-20 15:05:00+05:30,PE,19550.0,110.02606141228898,103.63856723017307,-5.805437457386331,SQOFF,19,False,2,19542.0,19549.45,vwap_reclaim,100.0
2023-10-23 10:10:00+05:30,2023-10-23 13:05:00+05:30,PE,19500.0,107.09419245465688,122.6304897510081,14.50713333771969,T2,35,True,1,19484.85,19437.49756972532,pdl_break,100.0
2023-11-01 12:00:00+05:30,2023-11-01 12:15:00+05:30,PE,19050.0,73.81513570775132,66.8127392485876,-9.486396512075235,SL,3,False,2,19043.2,19055.922311196457,vwap_reject,100.0
2023-11-21 09:45:00+05:30,2023-11-21 11:45:00+05:30,PE,19750.0,89.72397806716253,81.41806567008098,-9.257182501275407,TIME,24,False,2,19774.4,19781.3,vwap_reclaim,100.0
2023-11-24 14:30:00+05:30,2023-11-24 15:05:00+05:30,PE,19800.0,111.75241641383218,113.48840718082465,1.5534257089921955,SQOFF,7,False,2,19796.8,19790.8,vwap_reject,100.0
2023-12-12 14:40:00+05:30,2023-12-12 15:00:00+05:30,PE,20900.0,101.43971436241009,102.50193401172692,1.0471437700641406,TRAIL,4,True,2,20891.1,20904.76972487994,pdl_break,100.0
2023-12-13 09:45:00+05:30,2023-12-13 10:00:00+05:30,PE,20900.0,100.22227327744986,122.71043618488693,22.438288587988886,T2,3,True,1,20883.4,20826.77225375357,vwap_reject,100.0
2023-12-13 13:10:00+05:30,2023-12-13 13:15:00+05:30,PE,20800.0,68.97623164480683,62.87390333363692,-8.847001591205883,SL,1,False,2,20819.65,20832.91489482508,vwap_reclaim,100.0
2023-12-13 14:40:00+05:30,2023-12-13 14:55:00+05:30,PE,20850.0,68.55277985959219,60.248330592703496,-12.113949695253245,SL,3,False,1,20856.0,20871.549537253777,pdl_break,100.0
2024-01-02 12:45:00+05:30,2024-01-02 13:05:00+05:30,PE,21650.0,131.50107935742562,139.09965376606397,5.778336151892027,TRAIL,4,True,1,21632.0,21624.923953347352,vwap_reclaim,100.0
2024-01-03 11:20:00+05:30,2024-01-03 11:50:00+05:30,PE,21550.0,91.7330491598641,81.41809415654643,-11.24453520054881,SL,6,False,1,21572.95,21591.16466950562,vwap_reject,100.0
2024-01-10 10:55:00+05:30,2024-01-10 11:35:00+05:30,PE,21550.0,106.75259092023953,90.93802710366253,-14.81422013297352,SL,8,False,1,21525.6,21551.57596877695,vwap_reject,100.0
2024-01-19 10:45:00+05:30,2024-01-19 11:05:00+05:30,PE,21650.0,166.12460599339647,186.96192936104762,12.543189037558623,TRAIL,4,True,1,21641.95,21589.65,vwap_reclaim,100.0
2024-01-19 13:25:00+05:30,2024-01-19 13:35:00+05:30,PE,21600.0,159.54568912362265,150.58970359468367,-5.613429969893769,SL,2,False,1,21590.6,21608.578636404636,vwap_reclaim,100.0
2024-02-06 10:25:00+05:30,2024-02-06 10:55:00+05:30,PE,21800.0,136.9180472161388,121.62014102109242,-11.173038548305547,SL,6,False,1,21812.6,21842.225948206746,vwap_reclaim,100.0
2024-02-12 13:00:00+05:30,2024-02-12 13:10:00+05:30,PE,21600.0,155.43529461856633,142.44292772912922,-8.358698017281075,SL,2,False,1,21594.95,21621.406235907092,pdl_break,100.0
2024-02-13 12:00:00+05:30,2024-02-13 12:55:00+05:30,PE,21700.0,144.5084316636494,155.82662631774565,7.832203646386482,TRAIL,11,True,1,21690.8,21676.548508265256,vwap_reclaim,100.0
2024-02-22 12:20:00+05:30,2024-02-22 13:35:00+05:30,PE,22000.0,90.9133409351598,62.19754123958228,-31.585903015111803,SL,15,False,1,21951.75,21977.561427901852,vwap_reclaim,100.0
2024-02-29 12:25:00+05:30,2024-02-29 12:35:00+05:30,PE,21950.0,82.85960128160878,65.94593609239564,-20.412438543760203,SL,2,False,1,21916.5,21944.687001170052,vwap_reclaim,100.0
2024-03-15 14:20:00+05:30,2024-03-15 14:35:00+05:30,PE,22000.0,156.64602340260717,146.53210972184752,-6.456540332827442,SL,3,False,1,21986.35,22006.17436690777,vwap_reclaim,100.0
2024-03-18 11:05:00+05:30,2024-03-18 11:35:00+05:30,PE,22000.0,145.32635267644946,156.37144965196694,7.60020242172319,TRAIL,6,True,1,21994.4,21987.210150114,vwap_reclaim,100.0
2024-03-19 10:00:00+05:30,2024-03-19 12:25:00+05:30,PE,21900.0,139.03547334754694,151.4751085832886,8.947094533670775,TRAIL,29,True,1,21878.1,21852.44834024896,pdl_break,100.0
2024-03-20 14:30:00+05:30,2024-03-20 14:40:00+05:30,PE,21800.0,73.15097601961679,62.33360260970585,-14.787736266171025,SL,2,False,1,21823.75,21847.194261719018,vwap_reclaim,100.0
2024-04-16 11:00:00+05:30,2024-04-16 11:15:00+05:30,PE,22200.0,119.835233800899,108.58275250048064,-9.389960651400632,SL,3,False,1,22185.55,22207.305942345116,vwap_reclaim,100.0
2024-05-07 13:45:00+05:30,2024-05-07 14:20:00+05:30,PE,22300.0,134.03437070907967,148.7331063888778,10.966392875228692,TRAIL,7,True,1,22314.65,22277.6,vwap_reject,100.0
2024-05-08 13:45:00+05:30,2024-05-08 13:55:00+05:30,PE,22300.0,119.63065486033338,105.15977068028951,-12.09630106676116,SL,2,False,1,22279.95,22306.865861649287,vwap_reclaim,100.0
2024-05-09 09:55:00+05:30,2024-05-09 10:45:00+05:30,PE,22250.0,107.36595752072571,145.102497842895,35.147584200406065,T2,10,True,1,22220.55,22127.010466732892,vwap_reject,100.0
2024-05-09 12:20:00+05:30,2024-05-09 12:45:00+05:30,PE,22250.0,112.66795252769589,145.1200662249048,28.803322479150918,T2,5,True,1,22175.55,22109.33690585463,vwap_reject,100.0
2024-05-10 11:30:00+05:30,2024-05-10 13:00:00+05:30,PE,22050.0,208.46443884058317,234.00537020415686,12.251936831828347,T2,18,True,1,22063.9,21985.254167366653,vwap_reclaim,100.0
2024-06-21 14:20:00+05:30,2024-06-21 14:45:00+05:30,PE,23500.0,162.0248150425159,172.56057314426835,6.502558326629049,TRAIL,5,True,1,23489.3,23491.104318636637,vwap_reclaim,100.0
2024-07-22 12:30:00+05:30,2024-07-22 12:45:00+05:30,PE,24500.0,177.48553170372543,166.6916287993463,-6.081567776689134,SL,3,False,1,24480.45,24500.830552389973,pdl_break,100.0
2024-08-02 10:15:00+05:30,2024-08-02 10:35:00+05:30,PE,24800.0,182.2987990605452,167.08430030202726,-8.345912774480158,SL,4,False,1,24776.4,24806.477905571228,vwap_reject,100.0
2024-08-02 12:00:00+05:30,2024-08-02 13:40:00+05:30,PE,24800.0,173.34426085139603,158.66537791382507,-8.46805245554384,SL,20,False,1,24785.4,24806.78608505596,vwap_reclaim,100.0
2024-08-05 13:40:00+05:30,2024-08-05 13:45:00+05:30,PE,24050.0,143.60338007883547,126.2015430475276,-12.117985678160647,SL,1,False,1,24074.15,24113.488071182725,vwap_reject,100.0
2024-08-07 09:45:00+05:30,2024-08-07 10:25:00+05:30,PE,24200.0,151.231177297057,126.64360673392912,-16.25826830325572,SL,8,False,1,24218.1,24263.54859732677,vwap_reject,100.0
2024-08-07 12:40:00+05:30,2024-08-07 13:25:00+05:30,PE,24250.0,149.0582207909174,163.33716803308562,9.579442962892436,TRAIL,9,True,1,24231.85,24195.4,vwap_reclaim,100.0
2024-08-14 09:55:00+05:30,2024-08-14 10:00:00+05:30,PE,24100.0,129.3176831821238,115.67028615978961,-10.553388126443586,SL,1,False,1,24113.3,24142.442305792167,pdl_break,100.0
2024-08-14 10:55:00+05:30,2024-08-14 11:30:00+05:30,PE,24150.0,138.55954985598328,123.97727780745481,-10.524191269158322,SL,7,False,1,24133.3,24156.049469339632,vwap_reclaim,100.0
2024-09-04 10:30:00+05:30,2024-09-04 10:50:00+05:30,PE,25100.0,116.66212479936803,105.47419191344306,-9.59003010202808,SL,4,False,1,25101.15,25121.50053368732,vwap_reclaim,100.0
2024-09-05 09:45:00+05:30,2024-09-05 11:05:00+05:30,PE,25250.0,111.69590917961978,118.99256461218192,6.532607582636074,TRAIL,16,True,1,25206.65,25186.98053807954,pdh_sweep,100.0
2024-09-09 12:05:00+05:30,2024-09-09 12:50:00+05:30,PE,24850.0,176.8889906383065,164.74399843672836,-6.8658836017734926,SL,9,False,1,24849.65,24869.506996874923,vwap_reclaim,100.0
2024-10-01 09:45:00+05:30,2024-10-01 10:15:00+05:30,PE,25850.0,134.90069582005344,158.2254945458426,17.290347232087335,TRAIL,6,True,1,25859.75,25801.1,vwap_reject,100.0
2024-10-01 12:25:00+05:30,2024-10-01 12:30:00+05:30,PE,25800.0,129.19359760998304,139.96072822503356,8.334105415622028,TRAIL,1,True,1,25800.25,25789.35,vwap_reclaim,100.0
2024-10-01 13:40:00+05:30,2024-10-01 14:25:00+05:30,PE,25800.0,125.10305635809709,137.6282124540694,10.011870581418968,TRAIL,9,True,1,25798.4,25767.65,vwap_reclaim,100.0
2024-10-11 10:25:00+05:30,2024-10-11 11:25:00+05:30,PE,25000.0,185.44551426821454,209.203955848654,12.811548272921303,T2,12,True,1,24988.85,24920.517218737044,vwap_reclaim,100.0
2024-10-16 11:20:00+05:30,2024-10-16 11:45:00+05:30,PE,25000.0,116.10378268553723,139.80938977166898,20.4176009926718,T2,5,True,1,24978.5,24916.83413115922,pdl_break,100.0
2024-10-23 13:35:00+05:30,2024-10-23 14:20:00+05:30,PE,24550.0,111.25457695298974,138.0429082552264,24.078408309939437,T2,9,True,1,24532.5,24459.086845661353,vwap_reclaim,100.0
2024-10-23 14:40:00+05:30,2024-10-23 14:50:00+05:30,PE,24450.0,105.66922098566647,91.89577524436936,-13.034491607698529,SL,2,False,1,24429.5,24454.92113044096,pdl_break,100.0
2024-10-24 10:55:00+05:30,2024-10-24 12:55:00+05:30,PE,24450.0,102.13662656475753,86.89022327423663,-14.927459231144912,TIME,24,False,1,24405.6,24400.5,vwap_reclaim,100.0
2024-10-28 10:50:00+05:30,2024-10-28 11:00:00+05:30,PE,24400.0,159.68944665365416,182.71319392770693,14.417826447848059,TRAIL,2,True,1,24423.65,24379.8,pdh_sweep,100.0
2024-10-31 10:05:00+05:30,2024-10-31 12:40:00+05:30,PE,24350.0,128.77203338701293,155.68077764474037,20.89641947087657,T2,31,True,1,24279.5,24202.4035411208,vwap_reclaim,100.0
2024-11-05 11:00:00+05:30,2024-11-05 11:30:00+05:30,PE,23950.0,155.33349240296047,173.65370205541512,11.79411430789763,TRAIL,6,True,1,23971.85,23934.3,vwap_reclaim,100.0
2024-11-11 10:10:00+05:30,2024-11-11 10:20:00+05:30,PE,24100.0,158.06013079414697,143.43820664179293,-9.250861731474346,SL,2,False,1,24123.15,24155.07420665791,vwap_reclaim,100.0
2024-11-12 13:15:00+05:30,2024-11-12 13:45:00+05:30,PE,23950.0,129.3031361738249,112.35517669683395,-13.10715267896322,SL,6,False,1,23954.25,23986.68992468524,pdl_break,100.0
2024-11-18 14:20:00+05:30,2024-11-18 14:45:00+05:30,PE,23450.0,148.03071509180518,156.10258427570807,5.452834014141539,TRAIL,5,True,1,23462.1,23465.066490556797,pdl_break,100.0
2024-12-13 11:25:00+05:30,2024-12-13 11:30:00+05:30,PE,24300.0,168.50614939399384,150.22788613484954,-10.847238112602554,SL,1,False,1,24299.2,24338.947134678714,vwap_reject,100.0
2024-12-19 10:45:00+05:30,2024-12-19 11:35:00+05:30,PE,24000.0,108.1734164729096,83.44023387731613,-22.864381473786132,SL,10,False,1,23942.9,23974.287661754366,vwap_reclaim,100.0
2024-12-23 12:00:00+05:30,2024-12-23 12:50:00+05:30,PE,23800.0,177.8137643406899,209.99192854334888,18.096554179577385,T2,10,True,1,23779.35,23692.247594838944,vwap_reclaim,100.0
2025-01-07 12:00:00+05:30,2025-01-07 13:30:00+05:30,PE,23750.0,159.755804136199,139.42670030102636,-12.725111269097411,SL,18,False,1,23728.45,23756.10362243603,vwap_reclaim,100.0
2025-01-09 10:00:00+05:30,2025-01-09 10:10:00+05:30,PE,23650.0,104.03094479255742,87.63161593820405,-15.763894951693846,SL,2,False,1,23608.3,23636.433873045975,vwap_reclaim,100.0
2025-01-13 11:25:00+05:30,2025-01-13 13:45:00+05:30,PE,23250.0,168.68427305972727,202.0345133607343,19.77080595367564,T2,28,True,1,23240.55,23139.417747338914,vwap_reclaim,100.0
2025-01-17 13:20:00+05:30,2025-01-17 13:55:00+05:30,PE,23200.0,196.1620753320185,182.28572540821187,-7.07392083832713,SL,7,False,1,23176.15,23200.98164984963,vwap_reclaim,100.0
2025-01-27 12:35:00+05:30,2025-01-27 13:15:00+05:30,PE,22900.0,180.78561507078666,191.75272355414745,6.06636124177613,TRAIL,8,True,1,22894.85,22887.83472000018,vwap_reclaim,100.0
2025-02-03 11:25:00+05:30,2025-02-03 13:00:00+05:30,PE,23300.0,184.67408663373317,165.7221824073149,-10.2623516768792,SL,19,False,1,23290.5,23317.816251825145,pdl_break,100.0
2025-02-07 12:10:00+05:30,2025-02-07 12:30:00+05:30,PE,23550.0,163.01051598928098,149.6891975012186,-8.172060806763138,SL,4,False,1,23573.9,23601.96904107664,vwap_reclaim,100.0
2025-02-07 13:50:00+05:30,2025-02-07 14:00:00+05:30,PE,23500.0,168.99066779822715,156.5826911405129,-7.342403470781722,SL,2,False,1,23499.8,23525.571314019307,pdl_break,100.0
2025-02-10 09:55:00+05:30,2025-02-10 12:00:00+05:30,PE,23450.0,157.51041672231258,190.79279230353768,21.13026952363486,T2,25,True,1,23445.9,23351.40251321154,vwap_reject,100.0
2025-02-11 09:50:00+05:30,2025-02-11 11:15:00+05:30,PE,23300.0,142.50387872195643,151.06722736274423,6.009203902088878,TRAIL,17,True,1,23300.7,23289.31870316229,pdl_break,100.0
2025-02-14 09:50:00+05:30,2025-02-14 09:55:00+05:30,PE,23000.0,178.44337921955048,162.26607014863293,-9.065793946332724,SL,1,False,1,23017.9,23053.7691579328,vwap_reject,100.0
2025-02-18 10:05:00+05:30,2025-02-18 10:55:00+05:30,PE,22900.0,147.02197036789585,165.43967472756322,12.527178294223917,TRAIL,10,True,1,22911.45,22876.28777791585,vwap_reclaim,100.0
2025-02-20 09:45:00+05:30,2025-02-20 09:50:00+05:30,PE,22900.0,128.1582905955256,109.83650993537049,-14.296211797939506,SL,1,False,1,22825.2,22855.03520640949,vwap_reclaim,100.0
2025-02-21 11:55:00+05:30,2025-02-21 12:30:00+05:30,PE,22800.0,179.63044860913942,167.55713573795583,-6.721195078376773,SL,7,False,1,22791.6,22813.683954348413,vwap_reject,100.0
2025-02-28 11:30:00+05:30,2025-02-28 12:20:00+05:30,PE,22250.0,153.6840177091999,160.2349807182418,4.2626182648592525,TRAIL,10,True,1,22253.35,22252.26511449841,vwap_reject,100.0
2025-03-03 14:05:00+05:30,2025-03-03 14:10:00+05:30,PE,22100.0,145.79511025135798,132.13137264599936,-9.371876451687344,SL,1,False,1,22081.2,22109.000542627953,vwap_reclaim,100.0
2025-03-11 11:25:00+05:30,2025-03-11 12:25:00+05:30,PE,22400.0,116.60458556334379,100.54460768276113,-13.773024279442513,SL,12,False,1,22422.6,22451.071112305937,pdl_break,100.0
2025-03-12 13:35:00+05:30,2025-03-12 14:05:00+05:30,PE,22400.0,86.3198038418468,73.52970385909066,-14.817109647503235,SL,6,False,1,22410.5,22432.93830941182,vwap_reclaim,100.0
2025-03-17 09:45:00+05:30,2025-03-17 10:15:00+05:30,PE,22550.0,151.09323035183115,169.29099702972962,12.04406487009624,TRAIL,6,True,1,22537.8,22500.5,pdh_sweep,100.0
2025-03-28 10:50:00+05:30,2025-03-28 11:10:00+05:30,PE,23600.0,155.1995155011282,174.01996321966362,12.126614994747609,TRAIL,4,True,1,23624.05,23581.3,pdh_sweep,100.0
2025-03-28 11:30:00+05:30,2025-03-28 11:35:00+05:30,PE,23550.0,153.9113863825496,142.8753567786207,-7.17037891952883,SL,1,False,1,23572.3,23596.868220546694,vwap_reclaim,100.0
2025-04-02 11:55:00+05:30,2025-04-02 12:05:00+05:30,PE,23250.0,98.85285430112162,86.67936815289613,-12.314754322766552,SL,2,False,1,23255.25,23280.080435106665,vwap_reclaim,100.0
2025-04-03 11:15:00+05:30,2025-04-03 11:40:00+05:30,PE,23300.0,88.69127256123465,72.62808473848054,-18.111351161033006,SL,5,False,1,23260.4,23283.520610682637,vwap_reclaim,100.0
2025-04-09 10:55:00+05:30,2025-04-09 11:40:00+05:30,PE,22400.0,157.22747394425278,133.08448591609886,-15.3554511959622,SL,9,False,1,22393.55,22433.487034686084,vwap_reject,100.0
2025-05-07 09:45:00+05:30,2025-05-07 10:25:00+05:30,PE,24350.0,160.14408798876502,170.06908107023082,6.197539482170633,TRAIL,8,True,1,24356.25,24356.332752636,vwap_reclaim,100.0
2025-05-07 11:50:00+05:30,2025-05-07 12:15:00+05:30,PE,24350.0,145.45828774437905,129.91060289342022,-10.688758332066673,SL,5,False,1,24356.95,24383.788779088423,vwap_reclaim,100.0
2025-05-15 10:15:00+05:30,2025-05-15 10:30:00+05:30,PE,24600.0,128.21153130427774,106.42545439586502,-16.992291322618215,SL,3,False,1,24546.6,24582.308982515926,vwap_reject,100.0
2025-05-20 11:15:00+05:30,2025-05-20 12:45:00+05:30,PE,24900.0,176.96095345441609,198.54358324637542,12.196266673890221,T2,18,True,1,24902.55,24832.58379677113,vwap_reclaim,100.0
2025-05-21 11:30:00+05:30,2025-05-21 12:10:00+05:30,PE,24850.0,140.05339693044152,170.6448306858265,21.842693162650264,T2,8,True,1,24851.55,24763.95190579844,vwap_reclaim,100.0
2025-05-22 10:45:00+05:30,2025-05-22 11:50:00+05:30,PE,24650.0,124.10438526894723,129.53274663727188,4.374028650607986,TRAIL,13,True,1,24599.15,24599.456745136747,vwap_reclaim,100.0
2025-05-22 12:05:00+05:30,2025-05-22 13:20:00+05:30,PE,24650.0,124.15377779487244,133.0005684034586,7.1256716998196135,TRAIL,15,True,1,24576.05,24552.68938951922,vwap_reject,100.0
2025-05-23 10:30:00+05:30,2025-05-23 10:35:00+05:30,PE,24750.0,230.25503102328366,215.41824717507916,-6.443630691702107,SL,1,False,1,24753.25,24784.634630603523,vwap_reclaim,100.0
2025-06-02 10:15:00+05:30,2025-06-02 10:30:00+05:30,PE,24550.0,184.64024000576137,170.54346186159455,-7.6347269391151995,SL,3,False,1,24565.85,24594.865769421427,vwap_reclaim,100.0
2025-06-03 10:25:00+05:30,2025-06-03 10:35:00+05:30,PE,24700.0,169.27525783257806,199.88055230912687,18.080193684784707,TRAIL,2,True,1,24719.95,24647.65,pdh_sweep,100.0
2025-06-18 11:30:00+05:30,2025-06-18 11:35:00+05:30,PE,24750.0,104.42647024208236,95.02829174357976,-8.999804816456658,SL,1,False,1,24773.1,24793.443404087277,pdl_break,100.0
2025-06-19 10:05:00+05:30,2025-06-19 12:05:00+05:30,PE,24850.0,100.55795549536924,85.55292425500011,-14.921774380208163,TIME,24,False,1,24818.75,24815.9,vwap_reclaim,100.0
2025-07-04 11:40:00+05:30,2025-07-04 13:05:00+05:30,PE,25350.0,158.289084107706,161.18928428339132,1.8322174217092035,TRAIL,17,True,1,25360.65,25366.552679503853,pdl_break,100.0
2025-07-07 09:55:00+05:30,2025-07-07 10:15:00+05:30,PE,25450.0,145.0750797501696,155.91372319601487,7.471058064906977,TRAIL,4,True,1,25462.1,25444.37035407103,pdh_sweep,100.0
2025-07-10 10:05:00+05:30,2025-07-10 12:00:00+05:30,PE,25450.0,87.43570504468516,105.66607303065393,20.850026858766558,T2,23,True,1,25419.9,25361.56218754929,pdl_break,100.0
2025-07-14 10:30:00+05:30,2025-07-14 11:25:00+05:30,PE,25100.0,146.8660464697241,168.28129862002515,14.58148609911396,T2,11,True,1,25086.8,25024.96482376319,vwap_reclaim,100.0
2025-07-18 14:40:00+05:30,2025-07-18 15:05:00+05:30,PE,24950.0,130.91807478946612,128.0064741000424,-2.2239867902930643,SQOFF,5,False,1,24964.15,24968.35,vwap_reclaim,100.0
2025-07-25 11:30:00+05:30,2025-07-25 12:35:00+05:30,PE,24850.0,126.7368098760744,136.91669089939114,8.032300192241548,TRAIL,13,True,1,24872.45,24856.783611682662,vwap_reject,100.0
2025-07-29 12:00:00+05:30,2025-07-29 12:05:00+05:30,PE,24650.0,110.53693170920087,101.45615826622816,-8.215148821809438,SL,1,False,1,24664.9,24684.636820839154,vwap_reclaim,100.0
2025-07-31 10:25:00+05:30,2025-07-31 10:45:00+05:30,PE,24750.0,104.3804045500674,86.34937751476173,-17.274341015469872,SL,4,False,1,24678.4,24704.142259403616,vwap_reject,100.0
2025-08-05 11:30:00+05:30,2025-08-05 12:10:00+05:30,PE,24600.0,109.02793334678245,98.12553116692652,-9.999641234305457,SL,8,False,1,24619.35,24639.034672433754,vwap_reclaim,100.0
2025-08-06 12:50:00+05:30,2025-08-06 12:55:00+05:30,PE,24600.0,91.43293841870218,82.45668435473453,-9.817308968965166,SL,1,False,1,24589.6,24607.31581308645,vwap_reclaim,100.0
2025-08-11 11:40:00+05:30,2025-08-11 12:05:00+05:30,PE,24400.0,128.02106737522445,117.68369196660205,-8.074745524753336,SL,5,False,1,24417.4,24438.127398943856,vwap_reclaim,100.0
2025-08-26 10:30:00+05:30,2025-08-26 11:00:00+05:30,PE,24800.0,126.8239118237907,115.11131606740491,-9.235321311220302,SL,6,False,1,24785.85,24806.916890583416,vwap_reclaim,100.0
2025-08-28 12:15:00+05:30,2025-08-28 13:05:00+05:30,PE,24650.0,79.12081282326471,104.33494548451927,31.867888816532197,T2,10,True,1,24607.05,24546.930345973924,vwap_reclaim,100.0
2025-09-01 10:10:00+05:30,2025-09-01 10:55:00+05:30,PE,24500.0,86.94159516207583,74.38584124138652,-14.4415959901391,SL,9,False,1,24523.15,24545.480385812538,vwap_reclaim,100.0
2025-09-22 11:00:00+05:30,2025-09-22 11:50:00+05:30,PE,25300.0,80.99121936469237,85.89448690248446,6.054072992423221,TRAIL,10,True,1,25301.65,25297.111994851937,vwap_reclaim,100.0
2025-09-24 10:40:00+05:30,2025-09-24 11:40:00+05:30,PE,25100.0,149.18337829350276,155.99015659132147,4.562692154904213,TRAIL,12,True,1,25078.15,25076.86939756979,vwap_reclaim,100.0
2025-09-24 12:00:00+05:30,2025-09-24 12:10:00+05:30,PE,25050.0,129.54561021217523,122.01443576212296,-5.813531186211096,SL,2,False,1,25063.4,25079.58595351815,vwap_reclaim,100.0
2025-09-25 10:00:00+05:30,2025-09-25 11:10:00+05:30,PE,25050.0,130.177177509413,138.02969734828548,6.032178596209503,TRAIL,14,True,1,25038.55,25032.191506897736,vwap_reject,100.0
2025-09-25 11:35:00+05:30,2025-09-25 12:40:00+05:30,PE,25000.0,114.22173064360686,131.1442641585918,14.815511391423763,T2,13,True,1,25014.15,24963.01054503309,pdl_break,100.0
2025-09-26 10:50:00+05:30,2025-09-26 11:55:00+05:30,PE,24800.0,111.94135134741555,120.88690066063828,7.9912822255109095,TRAIL,13,True,1,24792.4,24778.668580352463,vwap_reclaim,100.0
2025-09-26 12:25:00+05:30,2025-09-26 12:45:00+05:30,PE,24750.0,96.09894294400146,87.36516827978267,-9.088315018520154,SL,4,False,1,24765.65,24783.146434351285,vwap_reject,100.0
2025-09-29 10:50:00+05:30,2025-09-29 11:00:00+05:30,PE,24750.0,100.28996310668299,89.4784249897275,-10.780279284233817,SL,2,False,1,24735.5,24756.334052591137,vwap_reclaim,100.0
2025-09-29 12:40:00+05:30,2025-09-29 12:55:00+05:30,PE,24600.0,78.55271052339594,68.14027107533548,-13.255353480080423,SL,3,False,1,24613.5,24634.683530475642,pdl_break,100.0
2025-09-30 12:45:00+05:30,2025-09-30 13:10:00+05:30,PE,24700.0,74.33737928125811,59.701502864942086,-19.68844820442306,SL,5,False,1,24653.0,24671.17065956105,vwap_reclaim,100.0
2025-10-24 11:50:00+05:30,2025-10-24 12:10:00+05:30,PE,25850.0,128.22987536478468,115.54461575491405,-9.892592949797352,SL,4,False,1,25833.5,25857.417383429693,vwap_reject,100.0
2025-10-27 09:55:00+05:30,2025-10-27 10:05:00+05:30,PE,25950.0,109.88745416681923,98.03561971216732,-10.785430006104002,SL,2,False,1,25935.85,25958.958501949564,pdh_sweep,100.0
2025-11-06 13:40:00+05:30,2025-11-06 14:35:00+05:30,PE,25550.0,135.97461534633294,144.7279657650306,6.437488641833999,TRAIL,11,True,1,25567.45,25554.780370571552,vwap_reclaim,100.0
2025-11-07 10:05:00+05:30,2025-11-07 10:35:00+05:30,PE,25350.0,138.72001023164557,122.74780410937092,-11.513988569928024,SL,6,False,1,25334.75,25364.662899687817,vwap_reject,100.0
2025-11-14 11:40:00+05:30,2025-11-14 12:10:00+05:30,PE,25800.0,130.121144506993,116.76367439412024,-10.265410870371571,SL,6,False,1,25789.95,25814.305541967467,pdl_break,100.0
2025-11-14 13:35:00+05:30,2025-11-14 14:25:00+05:30,PE,25750.0,109.92650247391794,97.96068086482046,-10.88529275452622,SL,10,False,1,25767.15,25786.784146890295,pdl_break,100.0
2025-11-25 10:45:00+05:30,2025-11-25 11:50:00+05:30,PE,26050.0,113.06616629977907,123.19518343258824,8.958486401629195,TRAIL,13,True,1,25984.5,25968.163171847198,vwap_reclaim,100.0
2025-12-01 14:05:00+05:30,2025-12-01 14:35:00+05:30,PE,26200.0,79.0434338151772,90.32325766301437,14.27041223210539,TRAIL,6,True,1,26212.35,26182.85,vwap_reject,100.0
2025-12-02 10:35:00+05:30,2025-12-02 12:30:00+05:30,PE,26150.0,106.08244594721691,109.50732212221374,3.228504154873013,TRAIL,23,True,1,26083.1,26069.848356177175,vwap_reject,100.0
2025-12-04 12:05:00+05:30,2025-12-04 13:20:00+05:30,PE,26050.0,142.10935858467928,149.99300884282366,5.547594005532508,TRAIL,15,True,1,26032.0,26015.79030509588,vwap_reject,100.0
2025-12-08 13:25:00+05:30,2025-12-08 14:15:00+05:30,PE,25950.0,73.64804223149986,93.65064145798806,27.159716158663795,T2,10,True,1,25957.5,25900.3738345198,pdl_break,100.0
2025-12-16 10:25:00+05:30,2025-12-16 12:20:00+05:30,PE,25950.0,81.75504131022717,86.18167282744616,5.414505877896536,TRAIL,23,True,1,25910.45,25895.765091492798,vwap_reject,100.0
2025-12-30 09:45:00+05:30,2025-12-30 09:50:00+05:30,PE,25950.0,83.15198237269033,71.41826450440203,-14.11117033349527,SL,1,False,1,25908.25,25928.38684250573,vwap_reclaim,100.0
2025-12-30 10:50:00+05:30,2025-12-30 12:40:00+05:30,PE,26000.0,94.87602716338006,107.65337577717764,13.467415316404963,TRAIL,22,True,1,25931.35,25905.218453272475,vwap_reclaim,100.0
2026-01-07 11:55:00+05:30,2026-01-07 13:10:00+05:30,PE,26100.0,123.26246023227577,129.7002952869616,5.2228675645077605,TRAIL,15,True,1,26120.65,26111.433675043438,pdl_break,100.0
2026-01-19 12:20:00+05:30,2026-01-19 12:55:00+05:30,PE,25550.0,98.56870052408158,85.58513762280381,-13.172095028386533,SL,7,False,1,25531.15,25551.977777198445,vwap_reject,100.0
2026-01-20 10:20:00+05:30,2026-01-20 13:20:00+05:30,PE,25550.0,106.80995659184737,123.79135404123554,15.898702697052048,TRAIL,36,True,1,25483.8,25435.746468662932,vwap_reject,100.0
2026-01-23 13:20:00+05:30,2026-01-23 13:40:00+05:30,PE,25150.0,109.51885244465484,141.80434364963912,29.479391432903945,T2,4,True,1,25128.0,25049.26903307488,pdl_break,100.0
2026-02-13 10:45:00+05:30,2026-02-13 12:25:00+05:30,PE,25550.0,95.3549857514081,76.80180056683821,-19.45696393153298,SL,20,False,1,25558.1,25582.931083178533,vwap_reclaim,100.0
2026-02-26 09:50:00+05:30,2026-02-26 10:00:00+05:30,PE,25500.0,140.32737326899223,126.63283483784653,-9.758992926415555,SL,2,False,1,25510.6,25539.533734124903,vwap_reclaim,100.0
2026-03-04 11:40:00+05:30,2026-03-04 11:50:00+05:30,PE,24350.0,216.31231881905478,198.68640124032027,-8.148365139332903,SL,2,False,1,24362.2,24399.617474681505,vwap_reject,100.0
2026-03-05 10:15:00+05:30,2026-03-05 10:40:00+05:30,PE,24600.0,258.6910981168712,238.27333746926342,-7.89271868890652,SL,5,False,1,24596.0,24634.810306770643,pdh_sweep,100.0
2026-03-05 13:50:00+05:30,2026-03-05 14:20:00+05:30,PE,24600.0,241.27185808489776,247.36667508987466,2.5261201423799173,TRAIL,6,True,1,24592.6,24599.150436515632,vwap_reclaim,100.0
2026-03-10 12:10:00+05:30,2026-03-10 12:50:00+05:30,PE,24200.0,121.38218119714293,94.89495941756286,-21.821342736098003,SL,8,False,1,24172.5,24202.465774668257,vwap_reclaim,100.0
2026-03-11 11:15:00+05:30,2026-03-11 13:10:00+05:30,PE,24050.0,248.98675233793438,279.6699285784616,12.323216376943158,T2,23,True,1,24042.1,23949.489802846936,pdl_break,100.0
2026-03-13 11:55:00+05:30,2026-03-13 12:20:00+05:30,PE,23350.0,199.5998721744745,243.76126009916152,22.124958019053544,T2,5,False,1,23361.2,23269.614204587728,vwap_reclaim,100.0
2026-03-20 11:50:00+05:30,2026-03-20 12:20:00+05:30,PE,23250.0,217.60985499904746,250.13749208221634,14.947685656658916,T2,6,True,1,23249.2,23156.818604771976,vwap_reclaim,100.0
2026-03-23 14:30:00+05:30,2026-03-23 14:35:00+05:30,PE,22550.0,154.4597486695675,133.67375980105498,-13.45722043933888,SL,1,False,1,22526.8,22567.364702271538,vwap_reclaim,100.0
2026-04-23 10:30:00+05:30,2026-04-23 10:45:00+05:30,PE,24250.0,219.18960517025698,239.12792403524054,9.096379752815519,TRAIL,3,True,1,24244.35,24205.65,vwap_reclaim,100.0
2026-04-27 10:30:00+05:30,2026-04-27 10:45:00+05:30,PE,24000.0,150.89821125729395,134.41766909644866,-10.921628575665887,SL,3,False,1,24023.2,24056.07018498957,vwap_reclaim,100.0
2026-04-27 11:25:00+05:30,2026-04-27 11:55:00+05:30,PE,24050.0,165.17156243464888,174.28857513641833,5.519722988257536,TRAIL,6,True,1,24030.95,24030.83139111463,vwap_reclaim,100.0
2026-05-05 12:25:00+05:30,2026-05-05 12:35:00+05:30,PE,24000.0,110.98387908752011,93.70677951803737,-15.567215447441962,SL,2,False,1,23943.2,23969.463728151524,vwap_reject,100.0
2026-05-18 14:35:00+05:30,2026-05-18 15:00:00+05:30,PE,23600.0,128.23060293068193,111.46820778575966,-13.072070755203091,SL,5,False,1,23587.1,23614.307783969914,pdl_break,100.0
2026-05-20 10:20:00+05:30,2026-05-20 10:25:00+05:30,PE,23500.0,250.5754244083164,235.03383949578347,-6.202358012255694,SL,1,False,1,23478.05,23509.77095232834,vwap_reclaim,100.0
2026-05-29 10:25:00+05:30,2026-05-29 12:10:00+05:30,PE,23900.0,144.36753579765173,169.18003712507107,17.18703667713566,T2,21,True,1,23911.65,23827.908898865964,vwap_reclaim,100.0
2026-06-01 11:20:00+05:30,2026-06-01 12:00:00+05:30,PE,23600.0,134.53095278962064,169.84198723399822,26.24751680722648,T2,8,True,1,23581.05,23487.941026155073,vwap_reclaim,100.0
2026-06-02 10:10:00+05:30,2026-06-02 10:20:00+05:30,PE,23350.0,129.0818845256672,110.2413276219304,-14.595817974744907,SL,2,False,1,23281.45,23311.6007250941,vwap_reclaim,100.0
2026-06-02 10:50:00+05:30,2026-06-02 11:20:00+05:30,PE,23350.0,111.07473619331358,89.27829623312937,-19.623220101328776,SL,6,False,1,23302.6,23334.04949622728,vwap_reclaim,100.0
2026-06-02 11:50:00+05:30,2026-06-02 12:30:00+05:30,PE,23350.0,103.21747091371799,80.66079475761398,-21.85354471139841,SL,8,False,1,23300.3,23327.766468355192,vwap_reject,100.0
2026-06-03 11:00:00+05:30,2026-06-03 12:25:00+05:30,PE,23200.0,181.431821506716,190.3818101219922,4.932976222666041,TRAIL,17,True,1,23219.15,23214.31914475432,pdl_break,100.0
2026-07-08 10:00:00+05:30,2026-07-08 10:35:00+05:30,PE,24250.0,153.8744645493407,141.12926106346094,-8.28285805783775,SL,7,False,1,24241.3,24265.97538895976,vwap_reclaim,100.0
2026-07-08 11:45:00+05:30,2026-07-08 12:30:00+05:30,PE,24250.0,145.26403372716413,164.96045213190337,13.559046860651813,T2,9,True,1,24251.2,24194.073904621186,vwap_reclaim,100.0
2026-07-09 12:35:00+05:30,2026-07-09 13:30:00+05:30,PE,24050.0,168.58054465570422,153.91228482731276,-8.701039528819155,SL,11,False,1,24038.1,24062.020252163675,vwap_reclaim,100.0
2026-07-10 11:05:00+05:30,2026-07-10 11:50:00+05:30,PE,24200.0,139.91679515080614,151.32504078070087,8.153592724589377,TRAIL,9,True,1,24183.8,24157.35,vwap_reclaim,100.0
2026-07-14 11:40:00+05:30,2026-07-14 12:55:00+05:30,PE,24150.0,88.82744802339585,95.18109163297049,7.152793141035851,TRAIL,15,True,1,24105.0,24093.45039516383,vwap_reclaim,100.0
2026-07-23 10:15:00+05:30,2026-07-23 10:40:00+05:30,PE,23950.0,150.21264243920268,138.76457312621096,-7.62124221177004,SL,5,False,1,23955.75,23978.075452755533,pdl_break,100.0
2026-08-13 14:05:00+05:30,2026-08-13 14:20:00+05:30,PE,24350.0,120.76776981030707,112.4799389393902,-6.862618133906739,SL,3,False,1,24359.0,24375.70995969232,vwap_reclaim,100.0
2026-08-18 10:05:00+05:30,2026-08-18 11:50:00+05:30,PE,24250.0,79.55894439322219,83.4791375544628,4.927407208754486,TRAIL,21,True,1,24221.6,24211.23715426261,pdl_break,100.0
2026-08-19 09:55:00+05:30,2026-08-19 10:40:00+05:30,PE,24100.0,146.41467760690284,164.3366588106992,12.240563239099323,T2,9,True,1,24097.8,24045.9374278539,vwap_reject,100.0
2026-08-25 11:00:00+05:30,2026-08-25 11:20:00+05:30,PE,24200.0,94.16156698851773,81.89992651640023,-13.021916334094907,SL,4,False,1,24139.8,24156.277988999307,pdl_break,100.0
2026-08-25 13:05:00+05:30,2026-08-25 13:50:00+05:30,PE,24200.0,80.4824466629907,63.93601372735975,-20.559058057612102,SL,9,False,1,24139.55,24154.38490674628,pdl_break,100.0
2026-08-28 11:05:00+05:30,2026-08-28 11:10:00+05:30,PE,24150.0,111.40748511548009,103.66500108573564,-6.949698237707214,SL,1,False,1,24142.45,24158.26455184641,vwap_reclaim,100.0
2026-09-08 09:50:00+05:30,2026-09-08 10:10:00+05:30,PE,23750.0,104.56699074244534,91.9901665057314,-12.027528140014477,SL,4,False,1,23678.55,23695.73322481546,vwap_reject,100.0
2026-09-09 11:50:00+05:30,2026-09-09 12:25:00+05:30,PE,23500.0,120.16156070524812,123.72533356497024,2.9658177197481095,TRAIL,7,True,1,23502.3,23506.281357203028,vwap_reclaim,100.0
2026-09-09 14:30:00+05:30,2026-09-09 15:00:00+05:30,PE,23500.0,109.11908565213889,125.06896477397731,14.616947188033723,T2,6,True,1,23511.35,23464.892790570742,vwap_reclaim,100.0
2026-09-10 11:25:00+05:30,2026-09-10 12:00:00+05:30,PE,23450.0,123.70886867191257,113.74847440704798,-8.0514795517858,SL,7,False,1,23426.7,23443.037603607292,vwap_reclaim,100.0
2026-09-10 13:30:00+05:30,2026-09-10 13:40:00+05:30,PE,23450.0,115.9858665043248,108.11547344590144,-6.78564836874318,SL,2,False,1,23428.6,23443.274242770392,pdl_break,100.0
2026-09-24 10:10:00+05:30,2026-09-24 11:15:00+05:30,PE,23200.0,104.69466965423453,91.81603167069443,-12.301140092492957,SL,13,False,1,23218.5,23243.089079187237,vwap_reject,100.0
2026-09-25 11:25:00+05:30,2026-09-25 12:55:00+05:30,PE,23100.0,129.47270377574932,146.82983862846322,13.40601867925535,T2,18,True,1,23077.1,23022.25644423463,vwap_reclaim,100.0
2026-09-29 11:00:00+05:30,2026-09-29 11:10:00+05:30,PE,22650.0,94.0589901989224,80.26614720014004,-14.664034739914078,SL,2,False,1,22600.55,22622.38624766424,vwap_reject,100.0
2026-09-30 13:40:00+05:30,2026-09-30 13:55:00+05:30,PE,22750.0,148.17945567666902,138.07876494594893,-6.816525735362422,SL,3,False,1,22726.25,22745.2338015924,vwap_reclaim,100.0
